<Blog>

<date>07,July,2004</date>
<post>

     
       EVERYBODY DOESN' T    Everybody does it That's what you keep saying Everybody doesn't Not everybody's playing I wanna be your girlfriend But you gotta put the pressure off Just stop  I think you've got A one track mind You're so focused on the destination That you're missing the ride You tell me You're a patient guy But we're not having conversations �Cause you're pre-occupied  If I loved you, I would If you loved me I wouldn't have to If I were in your shoes Never expect you to get down  Chorus Everybody does it That's what you keep saying Everybody doesn't Not everybody's playing I wanna be your girlfriend But you gotta put the pressure off Everybody does it That's what you keep saying Everybody doesn't Not everybody's playing I wanna be your girlfriend But you gotta put the pressure off  Ooh, you're good You try real hard So just fill out your application I'll let you know next year You don't believe When I say no, no, no If you don't give me considerations Then you'll have to go  If I loved you, I would If you loved me I wouldn't have to If I were in your shoes Never expect you to get down  (Chorus)   Break it down for me baby Come and chill Turn the pressure off Come and dance with me sexy  Just Stop
     
    
</post>


<date>21,May,2004</date>
<post>

     
       I BELIVE IN LOVE   Singer  : Tata Young  Writer  : Martin Ankelius/Henrik Andersson/ Carola H?ggkvist  I feel the heat around me I feel the beat surrounds me Could this be for real, I wonder No need for hesitation It’s time for celebration Will this be the night I’ve waited for   When angels fall in love Heaven knows, does it show, oh If this love, will last for eternity Set me on fire  (Chorus) I believe, I believe in love And like the stars above They shine, let it shine over me Set me free I believe in you And that our love is true Oh I believe, I believe   I see that people dancing Boys and girls romancing They want this to last forever   Cause underneath the moonlight Everything is alright We’re reaching our hands up in the air   To where the souls alive Heaven knows, that it shows oh If this love, will last for eternity Set me on fire  (Chorus)  How could I doubt, what was meant to be Everything I needed was in front of me Your healing touch, will lift me up in the sky, so high  (Chorus)    
     
    
</post>


</Blog>