<Blog>


<date>25,June,2004</date>
<post>

						
						    by Jon Ricerca http://www.SearchEngineGeek.com   One of our members recently reported that Yahoo was recommending separating the keywords in your meta-tag  using commas. As we know from experience, the official  representatives of the search engines don't always give us  the best advice as it pertains to ranking. We decided to  check out this claim using a statistical analysis to find  out if using commas in your keywords meta-tag had any  affect on ranking on Yahoo. We also studied Google to see  if there was any affect on that search engine.  Here is the methodology I used to answer this question. I  gathered the results of the queries naturally performed  last month by myself and four associates using Yahoo and  Google. I then fetched the pages and looks at any keywords  meta-tags on the listed pages. I tallied the results for  the first 8 rankings on both Yahoo and Google (keeping the  results separate) and then converted them into a  percentage of the total results for each search engine.  Here is the graph showing Google and Yahoo results:  http://searchenginegeek.com/graphs/df03.gif  (Note to webmasters: Feel free to hot-link to the above  graph or even copy it to your own site.  Also feel free to  remove this note.)   The X-axis shows the ranking (from #1 through #8) of the  search engine results in the study. The Y-axis shows the  percentage of domains that contained commas in the  keywords meta-tag.  The first thing to notice is that roughly 40%-50% of all  pages in the first eight rankings have a keywords meta-tag  with commas separating the keywords. That really doesn't  tell us much about the ranking of such pages though, only  the general distribution of pages with commas in a  keywords meta-tag in the top 8 results. Still, I was  surprised that the percentages were so high. For several  years, the general consensus was that no significant  search engine even utilized the keywords meta-tag (this  was before Yahoo switched from service Google results to  their own). With that general consensus, I expected that a  vast majority of sites had dropped using this meta-tag.  However, over 40% of top ranked sites continue to persist  in their use. I find that interesting.  The next thing to notice is that Google showed absolutely  no ranking difference between sites that use commas in the  keywords meta-tag vs. sites that do not use commas in the  keywords meta-tag or have no keywords meta-tag at all. The  ranking correlation was an exact zero on a scale of -100  to +100.  Yahoo's ranking correlation was a -28 on a scale of -100  to +100 for pages having commas in the keywords meta-tags.  I generally treat results between -35 and +35 as  insignificant (don't not affect ranking or the affect on  ranking is small to insignificant). However, since Yahoo  recommended using commas, I did find the -28 result  interesting. Once again, it appears that the official  representatives of a search engine are steering us wrong  (at least for purposes of ranking higher on their search  engine). This result indicates that using commas is either  insignificant or if there is any significant affect... it  is NEGATIVE!  Advice: Don't use commas in your keywords meta-tag. Pages  that use commas in the keywords meta-tag do NOT rank  higher and there may be a slight negative affect on Yahoo.   Jon Ricerca is one of the leading researchers and authors  of the Search Engine Ranking Factor (SERF) reports at  SearchEngineGeek.com. For access to the other SERF  reports, please visit:  http://www.SearchEngineGeek.com  

						
</post>

<date>25,June,2004</date>
<post>

						
						    Scott F. Geld http://www.MarketingBlaster.com   1. Offer a discount to your customers when they spend over  a certain dollar amount for ad space. You can also apply  this tip to the amount of ads they buy.  2. Offer your customers a free bonus for renewing their ad  order. It could be an ebook, special report, online  utility, etc.  3. Sell advertising space between your content. You just  break an article in half and insert the banner or  classified ad between it.  4. Write content that's tailor made to mention and relate  to the product your customers are advertising. This is  more work but, you'll sell a lot of ads.  5. Tell your customers when they buy an ad you'll also add  it to your free ebook and message board for free.  6. Offer to endorse the product your customers are  advertising before or after their ad. In all honesty, you  would have try out the product first.  7. Write a review for your customer's product to place  under their ad. This is similar to a testimonial or  endorsement but more in-depth.  8. Offer a buy 2 ads and get 1 free deal. With the slow  economy and advertising sales, most businesses are bound  to be looking for a good ad deal.  9. Give your customers a ton of free bonuses when they buy  ad space. It can be submission software, an ebook full of  advertising or copywriting tips, etc.  10. Guarantee your customer's advertising results. If they  don't like the traffic they receive, give them a refund or  another ad for free.   Scott F. Geld is the Director of Marketing for  MarketingBlaster.com, a company providing targeted traffic  and direct links starting at just $10 each.  For more  information, please visit: http://www.MarketingBlaster.com   

						
</post>

<date>25,June,2004</date>
<post>

						
						    by Jon Ricerca http://www.SearchEngineGeek.com   One of our members asked for a study of keyword location on a page. Is it more effective to have your keyword  mentioned in the top third, middle third or bottom third  of a page?   Here is the methodology I used to answer this question. I  gathered the results of the queries naturally performed  last month by myself and three associates using Yahoo and  Google. I then fetched the pages and divided the body  section into three equal parts for each page. I tallied  the results for the first 8 rankings on both Yahoo and  Google (keeping the results separate) and then converted  them into a percentage of the total results for each  search engine.  Here are the graphs showing Google and Yahoo results:  http://www.SearchEngineGeek.com/graphs/dfg02.gif http://www.SearchEngineGeek.com/graphs/dfy02.gif  (Note to webmasters/ezine editors: You are welcome to hot  link to these graphs or even copy them to your own site.   You are also welcome to remove this note.)  The X-axis shows the ranking (from #1 through #8) of the  search engine results in the study. The Y-axis shows the  percentage of domains that contained the keyword in the  top (red line), middle (blue line) and bottom (purple  line) thirds of the body section of the page.  It is interesting to note that pages containing the  keyword in the top and bottom third of the body section  ranked much better on Google. The top section had a  normalized correlation of +42 on a scale of -100 to +100.  The bottom third also showed a remarkable positive  correlation of +46 on the same scale. Having the keyword  in the middle third had no significant effect (no  correlation whatsoever... neither positive nor negative).  The Yahoo results were even more interesting. I generally  ignore any correlations between -35 and +35 as being  generally insignificant. On Yahoo, none of the three  sections showed any remarkable correlations. The scores  were a +17 for the top, -3 for the middle and -17 for the  bottom third of the body section. Does this mean that  Yahoo doesn't even look for the keyword in the body  section?  Advice: Mention your keywords near the top and/or bottom  of a page for Google ranking.   Jon Ricerca is one of the leading researchers and authors  of the Search Engine Ranking Factor (SERF) reports at  SearchEngineGeek.com. For access to the other SERF  reports, please visit: http://www.SearchEngineGeek.com  

						
</post>

<date>25,June,2004</date>
<post>

						
						    by Scott F. Geld http://www.MarketingBlaster.com   Your product is fantastic your service excellent and your customers will make huge savings - but no one is  buying.    It is a challenge familiar to many a business owner. One  sure-fire way to get your business noticed online at  minimal cost is to sit down and write about it - or  commission someone else to write about it for you.  Promotional or advertorial articles have traditionally  worked well to publicize businesses offline in magazines,  newspapers and circulars. Now, the Internet offers a  myriad of web-based opportunities in the form of  specialist news sites, portals, on-line newspapers, ezines  and newsletters - all of which require a source of fresh &  interesting content. But where should you begin?  What do your customers read?   You should first consider the types of material your  potential customers will read and where they will view or  download that material from. Perhaps they subscribe to  specific online trade circulars or newsletters published  by a site or magazine they subscribe to. Look to cover all  the options and where possible obtain subscription data so  you can determine if the target audience of a publication  matches with the audience for your product or service. You  will have little success if you target the wrong audience  who have little interest in what you are selling.   Making the content work for you  Developing the content for your article is obviously  critical to your success with this marketing method. It is  also important to realise that whilst some editors will  accept promotional material, others will not. You will  therefore need to think carefully about how your article  is constructed. One way to approach this is to have a few  different versions of the piece to hand ~ from one that  overtly promotes your product or service to one that does  so more subtly. You can then choose which version to  submit to the editor based on their preferences.   An effective publicity angle for those that do accept some  form of promotional advertising in an article is to  present your product or service as a solution to a  problem. To increase your chances of publication, look to  base it on topical events. For instance, if you are  selling anti-spam software you can base it around a piece  that discusses the implications of the latest laws against  spam. If you do not have the time to pen such advertising,  then an alternative is to have someone interview you about  a topic, and ask them to put the material together for you.  Advertising your business through promotional online  articles works wonders for businesses all around the  world. Make sure you don't miss out on this global  promotional opportunity.    Scott F. Geld is the Director of Marketing for  MarketingBlaster.com, a company providing targeted traffic  and direct links starting at only $5.  For more info:  http://www.MarketingBlaster.com  

						
</post>

<date>25,June,2004</date>
<post>

						
						    by Scott F. Geld http://www.MarketingBlaster.com   "The content is very important". It's true that this line has become monotonous, but you would still hear it  more often from all the marketing icons. The reason is  quite plain and simple; when you have a web presence,  Content is the thing that attracts customers and retains  their attention. It is the one and only means, which  would bring customers to your website and turn leads  into sales through all your advertising campaigns. This  is what you are selling, and you should hit right on the  bull's eye for it. No place of compromise when it comes  to content of your website.   If you do not feel confident enough of writing great  content yourself, it's better to hire a good writer to do  it for you. But before choosing an appropriate copywriter,  you should know whether he possesses Search Engine  Marketing (SEM) / Search Engine Optimisation (SEO)  copywriting experience or not. This is the most important  point, as your have a commercial website which is selling  your business, and your main aim is to bring traffic to  your website. So an adept person, with an experience of  SEM/SEO, can do wonders for your business.   With clear, concise and compelling information presented  attractively about your product and service, you hope to  move the visitor to view your web site favorably when  determining their action.    Descriptive and reflective website content with rich  information about product and service targeted to sell,  makes way towards success.  Internet sales got doubled in  the last decade, even when the economy was struggling.  In  this light, you would have been surprised to know that  large fancy corporate websites and dot-coms are losing  money.  Most of the time you can't even locate what is on  the sale at their website.  When visitors hit your home  page, they want to know your identity and what you can do  for them. Just fancy sites don't sell, strong content does.  This same painstaking consideration is rarely given to the  search engines that are the determining factor in your  ranking position, which they assign your web site. Your  search engine ranking is the key to the amount of  visitors, and the success of your website, finally.  So, give importance to the content you have on your  website and do all the things necessary to promote your  web business. Hard work always pays; contrary to no work,  no pay. Learn and analyze what other people are doing.  Learn about success stories and implement them in your  business plans. Everyone is making money on the web; so  can you. Some are making less and some are making more but  there is a whole world out there to be explored. Get  started today!    Scott F. Geld is the Director of Marketing for  MarketingBlaster.com, a company providing targeted traffic  and direct links.  For more info:  http://www.MarketingBlaster.com  

						
</post>

<date>25,June,2004</date>
<post>

						
						    by Scott F. Geld http://www.MarketingBlaster.com   Books are about sharing our knowledge and our experiences.   They articulate feelings and information for people who do  not have these kinds of communication skills. If you can  think, you can hear your voice. If you can hear your  voice, you can write. Writing is a simple extension of  your mind to your fingers.   Do this exercise:  Open a blank page in your word processing program. Let  your fingers hover just above the keys of your keyboard  and close your eyes. Now clear you mind and let it fill  with silence. Into that silence, let your thoughts begin  to focus on what you instinctively know you can do well.  Things you excel at. As each thought rises, type it.  Baking, stained glass, gardening, restoring classic cars~ write until the well runs dry.   Now open your eyes. Like magic, before your eyes, here is  a list of topics for potential ebooks!  There is no price that can be placed on your unique  knowledge and experience. The trick is to draw from the  well of that knowledge and use it to create an ebook.  Internet businesses are hungry for information about how  to turn their websites into profit-making machines.  Whenever an entrepreneur first starts a business, he or  she lacks the patina of experience that comes from many  years of working in the trenches. If your ebook can help  rocket them forward in time by providing them with your  invaluable business know-how, you've got a topic for a  beneficial and successful ebook.  Ebooks are one of the most powerful marketing tools  available in the world today. They can be sent out as  attachments in emails, offered for free or for a fee on  your website, or sent out on discs through the mail. They  can be marketed by your affiliates through links on their  sites and in your ebook. You can offer your ebook through  an autoresponder, thereby capturing email addresses and  building a list of potential customers. Or you can use  your ebook to build an opt-in email list ~ by sending  email only to people who want it, you differentiate your  messages from spam and increase the value of your list.   The ebook format is one of the most versatile on the  Internet. You can use it to create brochures, newsletters,  courses offering advice and information about your goods  or services, training tools ~ all for a profit. Using  ebooks correctly and with business savvy will direct  quality traffic to your website and generate potential  sales. Ebooks can educate your visitors about your  products or services, and teach them about new procedures  or techniques. You can use free ebooks to reward visitors  for filling out a customer survey, which in turn gives you  invaluable insight into customer motivation and habits.  Giving away your ebooks for free helps to build solid  business relationships and keep your customers coming back  to your website. Ebooks will help build your reputation as  an expert in your field and make your business a known  commodity.   If you want to write about Internet Marketing, you will  find a mountain of ebooks about this subject. You must go  through them and locate what is missing. You can market  ANYTHING on the Internet. What about a book about  marketing a business that trains bloodhounds as search and  rescue dogs? Or a book about marketing a business that  grows organic herbs and mushrooms? Figure out what you're  passions are and then turn them into ebooks!   Ebooks are a road to personal fulfillment and financial  success. They are fairly simple to produce and the cost is  minimal. Your ebook not only has the potential to create  profits, but it may very well transform you into a  celebrity. In turn, your value increases along with your  profits. Like a tree lush with leaves, your ebook will fly  across cyberspace, shedding its seeds of knowledge. And  those seed will bear the fruit of new clients and  opportunities for many years to come.   Scott F. Geld is the Director of Marketing for  MarketingBlaster.com, a company providing targeted traffic  and direct links starting at just $5.  For more info:  http://www.MarketingBlaster.com  

						
</post>

<date>04,July,2004</date>
<post>

						
						    by Scott F. Geld http://www.MarketingBlaster.com   Tell your readers what they are probably thinking, feeling or doing as they read. This strategy will trigger  their own subconscious mind to bring out these feelings  or actions.  You can add these sentences into any ad copy. You may have  to change one or two words so it relates more to the  product or service you're selling.  1. As you keep reading this ad copy, you are feeling more  and more compelled to experience all the benefits of our  product.  2. The more you understand just how valuable our product  could be to your life, the less you think about delaying  this important purchase.  3. After you read this short ad you will feel like your  problems are almost completely solved, all you will have  to do is order.  4. As you're skimming through this, you're beginning to  think you have nothing to lose and everything to gain by  trying out our product.  5. As you're scanning over this ad copy, you are beginning  to imagine using our product and enjoying all the benefits  it brings.  6. The more you keep reading our ad the more you feel it  would be a waste to let this opportunity slip by.  7. The more you review our ad the more you begin to find  yourself getting very excited about our product and  starting to feel the urge to buy now.  8. You don't know it yet but, at the conclusion of this  ad, you will feel driven to order and experience all the  benefits of our product.  9. You don't realize it yet but, in a few short minutes  you'll realize that you can't put off this vital purchase  and then you'll be yanking out your credit card.  10. As every word you read travels from this ad to your  brain, you start to understand just how much our product  could benefit your life.   Scott F. Geld is the Director of Marketing for  MarketingBlaster.com, a company providing targeted traffic  starting at just 10 cents per visitor and links starting  at just $10 per month.  For more information, please  visit: http://www.MarketingBlaster.com  

						
</post>



<date>31,mayo,2004</date>
<post>

     
      ¡Finalmente! Se ha producido el esperado recuento de backlinks y se han reasignado pageranks. En el caso de eltelendro.com y la gran mayoría de las páginas de telendro seguramente haya que esperar al próximo para la asignación del PR (exceptuando a Aurki, que ya tiene PR4), mientras que los backlinks ya han sido asignados.  Veremos en las próximas horas si este Dance produce cambios en las posiciones del concurso, no creo que sean muchas ni grandes, pero quizás haya alguna.  Por el momento las posiciones en el ranking han sufrido algunos cambios con respecto a nuestro último análisis:   - telendro.org se ha pasado al inglés y ahora está 3º. - gran escalada de posiciones de telendro.8m.com y jorgegonzalezpy - desaparición de "telendro realiza" de los primeros puestos, seguramente por un asunto de actualizaciones y posiblemente mañana ya esté nuevamente segundo o tercero. - eltelendro.com llega al primer puesto en las búsquedas en español y al octavo en las búsquedas en inglés :)  Actualización: por lo visto el dance no ha terminado, pueden haber cambios en estos días.
     
    
</post>

<date>27,mayo,2004</date>
<post>

     
      Por un error en la configuración, los comentarios no podían realizarse correctamente en el blog; creo que lo he solucionado y todo funciona correctamente ahora. Muchas gracias por avisarme del error y espero que puedan hacer los comentarios que deseen.
     
    
</post>

<date>27,mayo,2004</date>
<post>

     
         ¿Se necesitan motivos para estar feliz?  No es exactamente una pregunta que me hago mucho, pero nunca está de más reflexionar. Creo que siempre nuestro entorno influye en nosotros mismos. Si recibimos buenas noticias, estamos contentos, y al contrario también. Yo tengo motivos para estar feliz y para estar triste. Creo que no es felicidad o tristeza, los tonos grices intermedios son los que predominan. Mi vida creo que va bien, en los estudios estoy bien, mi vida personal también y en Internet me está llendo bien con mis páginas y con los amigos que tengo. Así que, ¿por qué buscar más motivos para estar feliz? Simplemente lo estoy.
     
    
</post>

<date>24,mayo,2004</date>
<post>

     
       urlLink    Tras haber perdido el liderazgo,  urlLink El Iglú  ha decidido cambiarse nuevamente al inglés, cosa que ha repercutido favorablemente dejándolo nuevamente en el primer puesto, relegando a  urlLink SeoHome  al segundo puesto. Veamos el resúmen de los resultados, el top10 (Top Ten):  1-  urlLink Iglú  - Ahora en inglés. 2-  urlLink Seohome  - En inglés. 3-  urlLink .com  - En inglés. 4-  urlLink telendro-telendro  - En inglés. 5-  urlLink xeoweb  - En inglés. 6-  urlLink realiza  - En español. 7-  urlLink aurki  - En inglés. 8-  urlLink hellogoogle  - En español. 9-  urlLink .org  - En español. 10-  urlLink eltelendro.com  - En español.  Seguimos observando que Google está realizando muchos cambios en los resultados, seguramente se estabilizará en estos días. Por otra parte destacamos que sí hemos podido mantener el último puesto del top10, además hemos alcanzado el puesto número cuatro de las búsquedas en español. Veremos como sigue...
     
    
</post>

<date>23,mayo,2004</date>
<post>

     
       urlLink    En las últimas horas se han estado efectuando algunos cambios en Google, estamos hablando claro de la búsqueda del telendro perdido. Primero que nada y como asunto más importante, está el cambio de la primera posición, que antes pertenecía a  urlLink Iglú  y ahora pasó a partenecer a  urlLink SeoHome . Si bien aparentemente y como lo dice en su propio sitio, estos últimos han hecho una gran campaña de intercambios, seguramente tenga mucha influencia en esta subida de puestos de SeoHome el traspaso de la mayoría de su sitio al idioma inglés; acompañado también de que el Telendro Iglú que antes estaba en inglés ahora se pasó al español, esto repercutió en su caída al cuarto puesto. También destacar la aparición en lo más alto del experto en concursos de posicionamiento,  urlLink sim64 ; otro rival duro de vencer. Por otro lado,  urlLink nuestro telendro  ha llegado al top10, ubicándose precisamente en el puesto número 10. Creo que es una posición sumamente importante y que será difícil de mantener, pero haré los esfuerzos que sean necesarios. Además, en la  urlLink búsqueda en español  está en el puesto número cinco, cosa importante que ayuda a confirmar aún más la ventaja de utilizar el idioma inglés para el concurso; esto se opone a  lo que  urlLink Dirson  establece en su sitio: "se intentará que ningún idioma tenga ventaja sobre otros", pero por suerte también en las bases se estipula: "google.dirson.com se reserva el derecho de modificar estas bases". Ésto es algo que de mi parte creo necesario. Esperemos que el tiempo nos de una respuesta favorable. Debo comentar también que estas posiciones pueden variar en cualquier momento, algo usual en Google.
     
    
</post>

<date>23,mayo,2004</date>
<post>

     
      Como la mayoría deben saber, actualmente se está disputando un concurso de posicionamiento en Google, el cual consta de lograr el primer lugar en la búsqueda de la palabra  telendro .  urlLink El Telendro.com  está participando obviamente en el concurso y por el momento va bastante bien. Es una palabra muy difícil de posicionar debido a la gran competencia, pero utilizando técnicas dentro y fuera de la página he logrado posicionarlo entre los primeros; específicamente, en la  urlLink búsqueda en español  está octavo y en la  urlLink búsqueda en inglés  está decimoprimero, pero por un capricho de los organizadores que no comprendo, la búsqueda que vale es la segunda, en inglés (a pesar de que el concurso fue organizado por personas que hablan en español y viven en lugares donde también se hace). Es sabido que google le da preferencia a una página de un idioma u otro según el que esté especificado en la búsqueda, por  eso la diferencia de resultados entre las dos búsquedas y por eso es también que numerosas páginas han decidido participar con sitios total o parcialmente escritos en inglés. No sé si las bases del concurso van a cambiar o no, pero opino que deberían hacerlo. Igualmente, por el momento seguiré luchando con mi página en el idioma castellano. Quizás tenga suerte.
     
    
</post>

<date>23,mayo,2004</date>
<post>

     
      Por el momento estoy muy conforme con los resultados del sitio. He hecho énfasis en posicionarlo en buscadores y conseguir intercabios y creo que eltelendro.com ya comienza a tener un buen número de visitas únicas diarias, por encima de las 50; pienso que esto se positivo porque el sitio lleva apenas unos 15 días en línea. Cuando pueda sacar algunas conclusiones sobre los métodos utilizados para obtener visitas y enlaces, no duden que las compartiré con la comunidad.
     
    
</post>

<date>23,mayo,2004</date>
<post>

     
      Bienvenido a  Telendro Blog , este es el primer mensaje publicado, espero que visites este blog de vez en cuando para ver los mensajes que publique y hacer comentarios al respecto. Saludos y gracias por la visita.
     
    
</post>

<date>04,junio,2004</date>
<post>

     
      Hola, como sabrán gmail, el correo de google, actualmente no tiene las puertas abiertas al público, sólo se puede usar mediante invitaciones.  Tengo tres invitaciones para regalar, a los tres primeros que respondan este mensaje y coloquen en su sitio un enlace hacia este weblog desde un lugar visible en sus sitios, les otorgaré las invitaciones. Por favor dejen la url donde está el enlace y el email donde debo enviarles la invitación en su comentario.   [Actualización]  Ya han sidas enviadas todas las invitaciones.
     
    
</post>

<date>04,junio,2004</date>
<post>

     
      Al fin le llega el turno de colocar su pagerank y actualizar backlinks a las páginas telendro. Ya podemos visualizar estos cambios con la barra de google. Lo normal de los telendros han sido PR6 y PR5, con algunas excepciones. Sería bueno ver si esto tiene alguna influencia en los resultados, o sigue todo como está. Por mi parte,  urlLink El Telendro  alcanza un PR5, justo lo que me esperaba.  Se habla sobre está actualización en  urlLink xeoweblog , en los  urlLink foros de xeoweb  y en  urlLink eltelendro.blogspot.com   Espero que todos hayan tenido una suba del PR en sus sitios :)
     
    
</post>

<date>04,junio,2004</date>
<post>

     
      Es sabido que los enlaces tienen mucho que ver con el posicionamiento de un sitio. Si tomamos las  urlLink posiciones del concurso  y buscamos sus respectivos enlaces mediante el comando link: en  urlLink Yahoo! . Obtenemos los siguientes resultados:   1-  urlLink SeoHome  : 447 2-  urlLink Realiza  : 193 3-  urlLink .org  : 411 4-  urlLink .com  : 6,170 5-  urlLink jorgegonzalezpy  : 61 6-  urlLink 8m.com  : 45 7-  urlLink Sim64  : 52 8-  urlLink dobletelendro.blogspot  : 202 9-  urlLink eltelendro.com  : 1,120 10-  urlLink HelloGoogle  : 212    Creo que son bastante interesantes. Podemos deducir que más que la cantidad, influye la calidad de los enlaces y sobre todo que tengan el texto  telendro  en el enlace; veamos si en el futuro cambia la relación enlaces-posición.
     
    
</post>

<date>04,junio,2004</date>
<post>

     
        Algo raro pasó en el concurso de  urlLink telendro , el que hasta ahora ocupaba indiscutiblemente el primer puesto ( urlLink Telendro Iglú ) ha desaparecido completamente de los resultados de Google. En  urlLink su sitio  hay un mensaje de "cerrado". Hay muchas posibles hipótesis y de ellas se hablan en otros puntos de la red, tales como...   urlLink Telendro Caché   urlLink Telendro-iglu ¿donde estas?   urlLink iglu ha desaparecido!?   urlLink ¿Dónde está telendro iglú?   urlLink ¿El iglu se va de telendro-vacaciones?   Como dicen en "Operación Telendro"... esperemos a mañana, a ver si se resuelve el misterio.
     
    
</post>

<date>04,junio,2004</date>
<post>

     
      En las últimas horas ha ocurrido un cambio casi imperceptible en Google, es el cambio de la forma de presentar las direcciones de los sitios en las URLs de los resultados. Antes se colocaba directamente la dirección y ahora se incluyen una serie de variables. Aquí un ejemplo:   Antes  http://www.eltelendro.com   Después  http://www.google.com/url?sa=U&start=1&q=http://www.eltelendro.com/&e=747  Aún no sé las causas ni las intenciones de Google en este cambio. Pero parece interesante.  [ Actualización ]  Según nos dice  urlLink SeoHome , "no son nada nuevo y se cree funcionan para recolectar información de la relación entre el usuario y las SERPs, aunque no es definitivo".
     
    
</post>

<date>09,julio,2004</date>
<post>

     
      El concurso de posicionamiento "nigritude ultramarine" ha finalizado el pasado siete de julio y el ganador ha sido con algo de ventaja sobre el resto  urlLink anil dash , felicitaciones a él y al resto de los concursantes.
     
    
</post>

<date>09,julio,2004</date>
<post>

     
      Hoy, 9 de julio, el top10 de telendro es el siguiente:  1º seohome 2º eltelendro.com 3º necostek 4º .org 5º telendromania 6º xeoweb 7º aurki 8º .com 9º hellogoogle 10º profesionalnet
     
    
</post>

<date>02,agosto,2004</date>
<post>

     
      Hola, luego de un tiempo de espera que creo que es suficiente, me parace que  urlLink El Telendro  se ha consolidado con la  urlLink primera posición  del concurso. No sé cuánto tiempo la mantendré, pero por el momento a disfrutar. 
     
    
</post>


</Blog>