<Blog>

<date>25,July,2004</date>
<post>

	 
      hey punks... this is my other page at  XANGA.COM: &nbsp;   &nbsp;   WWW.XANGA.COM/CURLYTAE   
    
</post>

<date>24,July,2004</date>
<post>

	 
       hey guys...i just got back from a boring ass wedding, and im hella tired and HOT. itz like 95 degrees out here! thats a scorcher for rainy town seattle! oh well... oh yah: PEEPS. LEAVE SOME KIND OF CONTACT INFO WHEN YOU POST A COMMENT HERE.&nbsp;DONT LEAVE A&nbsp;COMMENT without&nbsp;UR 'AIM' SN&nbsp;OR SOMETHIN...(thats only if i don knn who tha fuck u are)&nbsp;YOU KNO WHO YOU ARE. hahaha. thanks "nytboi"whoever you are, for signing mah page.    
    
</post>

<date>19,July,2004</date>
<post>

	 
       hey you. man... summer school is just not cuttin it for me anymore. actually, it never was. i gotta drive hella far(all the way to fuckin ballard high), then afterwards, take this fuckin packed bus with all these musty ass punks on it all the way downtown(that takes like an hour). then catch another bus to go home. for me, thats a fuckin journey! wowzerz!! buh anyway... itz ok cuz i got mah homie sanobia to kick it wit, over where all the white peeps are in ballard. HAHA itz true ya kno. so i went to buy the independance day air forces today. theyre aight... i&nbsp; just got them to match my sixers jacket. i cant wait for the 4's to come out on saturday! ima go downtown to get them, and just chill... so yah. oh yah! i hope you like the music, it kinda takes a while for it to come on, but oh well...at least thur's somethin to listen to while readin this bullshit! hehes... sike.      
    
</post>

<date>18,July,2004</date>
<post>

	 
       so... im sittin here. doin nothin . im waitin for my homegrl sendee to put some fuckin music up in hurrr so ur punk asses can have somethin to listen to while readin mah shit... oh well... buh yah. i jus got back from this summer house today. it was crackin, except for when we got stuck in the boat cuz we ran out of gas. i got heeellllaaaa burnt waitin for someone to go get some gas. we were stranded out in the middle of the water for 3 hours!! wtf!! oh well... im not complainin cuz i got the tan i wanted.hehez... well, theres not much else to say but "im so bored." so ima let u go cuz im bout to go to the 'bite of seattle' wit tha homiez... it better not be some kind of boring shit. ttyl!! payce...      
    
</post>


</Blog>