<Blog>

<date>24,July,2004</date>
<post>

	 
      Well How remarkable, 24 hours to save the NHS.&nbsp; Well that's nice to know when the labour Party shut down the Specialist Baby unit at Fairfield, the unit that deals with people from all over Bury and the Rossendale Area.&nbsp; With this closure the&nbsp;Ladies experiencing problems during pregnancy Will Have a 40 minute journey to South Manchester to reach the nearest Specialist Baby Unit.&nbsp;Whilst the Brave councilors on the Health scrutiny committee are gagged only the local Tories have spoke out and Labour have the cheek to say only they care about the NHS.&nbsp; Well say that when the first baby needlessly dies.   
     

    
</post>

<date>23,July,2004</date>
<post>

	 
      So the Labour councilors in Manchester want the transport secretary's blood , is this just a ploy to&nbsp;cover their own incompetance? I only ask because GMPTE&nbsp;(Greater Manchester Public Transport Executive) was asked to find&nbsp;£300m themselves from the public sector, so what did this labour dominated&nbsp;exec do.&nbsp;&nbsp;Instead of attracting public donations and corprate sponsorship something easy to do in such a vibrant city.&nbsp;They sit on their own arse and sponsor, The cow parade,&nbsp;Plastic cows fixed all over manchester (side of buildings, yes I said side of roofs, roads and&nbsp;roofs etc) and they wonder why there own&nbsp;party in westminster lost confidence in them, every one knows public Transport in Manchester is getting worse,&nbsp; Labour in Greater Manchester have no one to blame but themselves.&nbsp;&nbsp;      
     

    
</post>

<date>18,July,2004</date>
<post>

	 
      Is it right that our government can cut are armed forces down when their over seas active duty increases, Maybe as an ex naval officer I am biased.&nbsp; But surely when the armed forces are so heavily committed than we should surely be shying away from the Stanley Baldwin approach to defense.&nbsp; At least he had the excuse of serving in a Bloody conflict and trying all he can to save the youth from marching to war again, but what of our ex CND waving Prime Minister now no such excuse. When we give the impression of weakness that is when our enemies will strike.&nbsp; Also we must ask will our troops stay. &nbsp;Troops just home in blighty&nbsp;for less than six months are being shipped out again.&nbsp; Surely If a government doesn't want a large military force than it should change it's foreign policy.&nbsp; It should also remember when it's left wing party members and lib dem's complain about us being murders it is us murders who risk there live ending murderous Socialist&nbsp;regimes such as in Kosavo and Iraq      
     

    
</post>


</Blog>