<Blog>

<date>16,June,2004</date>
<post>

    
       
      
       
    
    
</post>

<date>13,June,2004</date>
<post>

    
       
      sighz the holidays are going to be over soooooooo soooonnnnnnnn ahhhhhhh i have nt even done my holidays h/w yet and it is lyke alot nt really lar just tooo lazy to tink n do haiz.... todae did nothin much but just did my homework so boring !!!! ahhah ok i wanna go watch MR BEAN!! HAHA okies bbbbbbbbbbbbbbbyyyyyyyyyyyeeeeeeeee
       
    
    
</post>

<date>13,June,2004</date>
<post>

    
       
      today was damn boring cause i just went to church in e afternoon yeah i went ot another churhc cause could nt wake up hee hee aiyah anyways todae gt nothing much to say cause did nothing much lalal okay byeeeesss
       
    
    
</post>

<date>11,June,2004</date>
<post>

    
       
      todae was damn fun cause i went to WILD WILD WET!!! e slides were nice and scary yeah but den had to queue for every slide so damn long!!! had to wait for more than 10 mins den almost everywhere had lifeguards haha for ppl safety den gt tons of people dere and i'm all burnt up cause was in e sun e whole day lalala yeah tink tat's all cause now i am darn tired just came back okay......ciao!
       
    
    
</post>

<date>10,June,2004</date>
<post>

    
       
      yay i am so darn happy cause did not really go shopping but i went to raffles city to see e capsule thinggy yeah their room was lyke so damn nice n messy ahaha yeah didn't do much todae but darn happy cause tml i'm going WILD WILD WET!!~yay~haha ok   i'm pratically lyke laughing cause got nothing to say ok tt's all ........
       
    
    
</post>

<date>09,June,2004</date>
<post>

    
       
      tod@e was another boring day i woke up early at 9.45 for tution so damn early lorx cause i slept late hee hee den later grandma came to help mi mom cle@n hse after tt was suppose to go to plaza singapura but den later change place and went to 0rchad again! "BORING"!it was sooo damn boring  CAUSE IT WAS SOOOOOO damn crowded ya lar and all tt den later went to lucky plaza to eat nasi lamak den walked to tang to shop! i gt NEW SHOES!!! i gt three new shoes!! whoohooo 2 pairs of shoes were frm mi grandma n e other mom bought it for mi i also gt a new wallet frm mi grandma again haha den came back rest for a while den went out again to grandfather hse now watching world idoL!haha okay tt's all i tink bbbuuuuaaaaaiiiiiizzzz
       
    
    
</post>

<date>08,June,2004</date>
<post>

    
       
      whoa.......todae was so damn tiring in e morning i had to do mi homework den later went to orchad to shop!first i went ot nee ann city den later to paragon to eat!! i went ot coffee club to eat yum yum e food dere was D-E-L-I-C-I-O-U-S I ate baked chicken wif macoroni den later drank ice cuppocino sooooo nice later my mom met her friend frm australia me and mi sis later gt bored hearing them toking so we went to paragon to walk around later we went to nee ann city to walk again den later to wisa atria to walk looking on what to buy for mi 2 cuz b'day so...we walked until 8 sumthing den went home ...wen i reached home my leg was aching must have nt walk tt long for a long long time...hehe i tink tt's all need to go n slp now!! tml ggt tution damn it! lalalala nite nite
       
    
    
</post>

<date>14,July,2004</date>
<post>

    
       
      haiz....sorry have nt been updating cause have been very busy since skool started tis wk well...have nt be turning up for my church dance rehersal haiz....must go next wk if nt in deep trouble!!argh! now got nothing to say well...nothing much happened in skool todae form teacher did nt  come cause had compettion den i gt a cca now but nt confirm if i can get it so in deep trouble also need cip points i dun have! what to do ! damn it damn it!!ahhhhhhhhhhh!!!
       
    
    
</post>

<date>08,July,2004</date>
<post>

    
       
      sigh soooo sad skool just started and gt no time to update.....now learning history kinda intersting i guess ...haiz now i am so in deep trouble cause i've gt no cca!!! ahhh how!! but now getting one b4  get into deep trouble! gtg now and pack my skool bag !! argh!
       
    
    
</post>

<date>06,August,2004</date>
<post>

    
       
      sigh...i am so damn stressed now a days at skool becoz there is so many projects to do!! at least 5! damn it but completed most of it and i can't stand ariel!! she is so annoying!! tat is why i am ignoring people frm my class or anyone who noes her had betta nt tell her cause i dun wan her to noe y i am ignorin her well...anyways if she finds out i am still gona ignore her ...well....it is like she has gt no frewns wen i am nt her frewn quite true but now sh hangs out wif lavi and e FISH HEAD! and natasha lols haha i tink and she always copies my chinese work which i can't stand it anymore how irritaing imagine she copying almost everyhing as in chinese work even for chinese compo she even copies it! damn her lar she is  such a bitch and she even can call mi a BITCH and a PISS ASS! and she even said tat i cry just to attract attention ! wa lao wad is bloddy problem lor as if i care like tat i can' t stand any of her nonesense is like the whole class hates her she is nt evn doing her part as a vice -chair and she can even say a bad word during class SHE IS SO BUSTED!! HAHA CAUSE SHE GT BOOKED very gd for her i hope tat she will get scolding cuse she likes to say valgarities! den she now always during recess wuld come and sit at e place where mi and others  always sit since wen did she go dere and sit i tink she is a copy cat! she only came to sit wen i started ignoring her ause she is TOO LONELY!! SHE IS SUCH A LOSER!! well yeah i tink tat's all abt her! livypan 
       
    
    
</post>


</Blog>