<Blog>

<date>28,July,2004</date>
<post>

    
       
      this is boring writing what im doing. im surprized it lasted this long. oh well.. im outie. 
      
</post>

<date>25,July,2004</date>
<post>

    
       
      yayy. i got my tv stand today.weEeE it loooks PreeeeeeetY Tight hehehee but anyway...im pretty bored its 2:34 and i gues im bout to go to sleeeep   thats me riight now.. anyway im going to  SlEEP..   
      
</post>

<date>23,July,2004</date>
<post>

    
       
      jus here breakin from  painting  my room..  when im  dun.. you can see my tight ass room...&nbsp; well im b o ut to go finish it  up so  hizolla 
      
</post>

<date>22,July,2004</date>
<post>

    
       
      lalalal i havent wrote in this today..... um lets seeee i got a new tv stand and ima pic it up either saturday or sunday cuz we didnt have the truck and its big... sHeeeeeet my room is going to be the shit ! FO SHO!! well anyway...... this is me now.. hehe its tha   jenny bunch   ...  thats the way i became the jenny bunch..    lalala. okay bye 
      
</post>

<date>21,July,2004</date>
<post>

    
       
      i finished tracys site.. urlLink http://tray-cee.cjb.net  and i did eders site...  urlLink http://ederout.cjb.net &nbsp;so check check  check em out!!!   if u want a site.. i'll do it but it will cost yA!   
      
</post>

<date>20,July,2004</date>
<post>

    
       
      im BOrREd... bout to watch sum fresh prince of bel-air i was talkin to my sister for a while..... i wanna go to the lake... but really i wanna go to galveston Bo0o.. anyway. ima go wIzAtch    F r Esh PR in ce Of BeL-A Ir yeAhh buddy!!!!!          &nbsp;      &nbsp;        
      
</post>

<date>19,July,2004</date>
<post>

    
       
      what does  smirnoff do to you... LOL see me today and i'll show wyou mannnnnnnn so crazy i cant evne consintrate lol&nbsp;&nbsp;&nbsp;&nbsp;&nbsp;i dont reall ykno what i am&nbsp;either tired or buzzin lol o rboth cuz i am kinda sleep&nbsp;but id ont want to go  to bed and&nbsp;&nbsp;&nbsp;mannnnnnnnn im jus feeeeeeling goood.. llllllllllllllol...anyway laala hope&nbsp; igo to the mall&nbsp;tomaro cuz my mom&nbsp;wanted to but i dont know if we regoing to go&nbsp;&nbsp;&nbsp; man im thursty let me get usmthin to  quinch my thirst gatorade akka hateraid y aaaaaaaaaaaaaaaaaaaaaaaaaaaaaaaaaaaaaaaaaaaaaaaaaaaa    halla   
      
</post>

<date>18,July,2004</date>
<post>

    
       
      yah. that song is in my head. nuck if u buck.. blahhhh. well lets seeeee i was very sleepy and i fell alseep bout 5 and wokeup bout 8ish than luis came over and we watched white chicks than we went to go get his other nipple pierced cuz it had got infected so he took it out and he wanted to get it repierced.. so we went to a place in dallas but the guy had jus used his last clamp so he gonna have to go get it done tomaro. i wanna go see him get it done lol!! @ the tattoo piercing place.. it looked pretty cool with the workers in there lookin like  fReaKz ! lol.. there scaryy ahhhhhhhh anyway.. im jus online making  luis  a cd cuz he needs to be  upgraded ... and right now im bout to go watch tv in my room den i'll get back on later maybeeee   NUck IF YOU BuCK  
      
</post>

<date>17,July,2004</date>
<post>

    
       
      whaz up whaz up.. mann i watched white chics and dodgeball i gotta say i like white chicks better.. hehe   "I think im going to have a BF!!!!"   OMG shes going to have a BF! haha (bf= bitch fit) lol.. hahahaha dodgeball was funny at times but i still like white chicks.. i gues its cuz im a white chick lol haha SO.. yall should see them movies if u havent yet.        WERE BETTER THAN YOU AND WE KNOW IT  
      
</post>

<date>17,July,2004</date>
<post>

    
       
      hey hey i jus got back from the mall its pretty cool.. went to vally view mall for the first time with maurice. and yeahhhhhhh it was pretty cool its better than the irving mall for sure..i aslo go  white chicks  and  dodge ball  on&nbsp;dvd. cool right ima watch em later.&nbsp;&nbsp;&nbsp;right now i m talkin to luis on the phone he just got back from arkansas.. and hes a lil tipsy right now.. lol..&nbsp; hes suppost to come over and were gonna watch  dodgeball  in the tahoe. yup. anyway. im on hold right now cuz sumone hadd called him... im juss sittin here typing this.. well um i gues ima get offf the computer. and talk to him .. buh byeszz 
      
</post>

<date>16,July,2004</date>
<post>

    
       
      dang my mom woke me up early. its 9:07.... damnn i think this is a record waking up @ 9 during summmer whaaaaaaaat ... its cuz every saturday i tend to sleep all late and saturday is the day we go to sams and walmart and she likes to go early and stuff.. so she woke me up early enough and than she woke up my dad cuz he likes to sleep in on saturdays too. lol well ima go take a shower................bbbbbbbahbye    J ee NnY   
      
</post>

<date>16,July,2004</date>
<post>

    
       
      yah i jus woke up.. i went to take a nap:-P    and no one is online.. so i gues im going to go back to my room and watching tellivsion.. prolly malibus most wanted lol.. ive seen this movie like 50 times.. Yoo0 whats CracCkin!!! this is b-rad g from malibu represent!!!! ayo this is mo hes straight up crazy he did time in public school (whoo0oooo0 whoo0o) this is hageee' hes the best from the middle east and that there is monster she used to have a big chip on her shoulder.. till she ate it.... Holla back.. Well holler back player ::thumbs up::    
      
</post>

<date>15,July,2004</date>
<post>

    
       
      i just got back from class. and had to stop @ 7-11 cuz thats jus what i always do after class   hehe thaz me with my slurpeee. yeah and im almost done&nbsp;with it cuz i was thursty!!!!&nbsp;i always suiside it however u spell it. sew-a-side lol meaning that i get like 4 in one.. this one was  blue,   cherry,   orange,   grape,   so yah im sitting here talkin to steph and carlos hehe mann.. now i have the hicups.. HICCUP.........................................HICCUP gEez..    
      
</post>

<date>15,July,2004</date>
<post>

    
       
      hey hey its 4:22 and i just got off the phone with my friend jade havent talked to her in a while so i called her up. any way im about to go to class.. cuz u kno how i go so early.. ima be back around 9... than i'll be back online    yeah yeah thaz me right this second.. well im jus talkin to my friend ant on aim.. lalal Well HALLAAAAAAAA!!!!     
      
</post>

<date>15,July,2004</date>
<post>

    
       
      Hello... i just woke up its  1:53  yeah i slept kinda late. it is real dark in my room.i got red and black walls and black curtians..and its like real dark..so yeah i guess thats why i wake up late. well ima hit the shower than i got class.. yuppppppp buh bye   
      
</post>

<date>15,July,2004</date>
<post>

    
       
       its like  2:01  right now.. and i was talking to cristina but she went to sleep and i was talking to monica, juan, carlos and some other chics in a chat that juan made me make.... me and carlos got married lol.. see picture..     lol.. they have everything on the net now days... go to   urlLink  www.livewed.com    and get married lol thats a pretty cute thing lol but yeah noooooooooooooooooooooo thats not my boyfriend or husband lol. hes a friend and thats he ever will beeeeeeeeee yah and so i decided to take a pic of my self lol ewww    &nbsp; hahahaah    oh well well im bout to go to bed.. G' Nite         
      
</post>

<date>15,July,2004</date>
<post>

    
       
      okay.. well i figured out that im not going to create a new layout.. well not now anyway... i dont feel like it when i do you will see... im online on aim. no one is on well they are but they aint talking or there away. and cristina aint on so i cant give her any advice... im listing to lean back by fat joe  'even lil bow wow throwing it up!'   do tha rock away.. lean back  ok well that song is over now and now its get away by T.I  hey lets get awayy and get a room on the other side of town..  thats a pretty good song.. but i think im going to change it to.. um lol i found a snippetplastat of my home dawg&nbsp;Eric,&nbsp;enthrone records.. heh  look at me motherfucker look at me  WOW IM BORED okay now its them beastie boys..  ch-check it out iight  well im outie...  lean back  
      
</post>

<date>15,July,2004</date>
<post>

    
       
       Yeah. im here. thinking of if i should do a new layout for my website.. something to do with   urlLink happy bunny  ... my mom is here and she changed the channel.. stupid bia. lol i was watching jamie foxx.. but not no more. jus here listening to some music  
      
</post>

<date>15,July,2004</date>
<post>

    
       
       buh im bored... sitting here listening to if i aint got you by alicia keys and watching the parkers... yup..   
      
</post>


</Blog>