<Blog>

<date>14,August,2004</date>
<post>

	 
        "My Way"special, you think your special you do, i can see it in your eyes i can see it when you laugh at me look downon me and, you walk around on me just one more fight about your leadership and i will straight up leave your shit cause i've had enough of this and now i'm pissed (yeah) this time i'm a let it all come out this time i'm a stand up and shout i'm a do things my way, it's my way, my way or the highway this time i'm a let it all come out this time i'm a stand up and shout i'm a do things my way, it's my way, my way or the highway just one more fight about a lotta things and i will give up everything to be on my own again, free again this time i'm a let it all come out this time i'm a stand up and shout i'm a do things my way, it's my way, my way or the highway this time i'm a let it all come out this timei'm a stand up and shout i'm a do things my way,it's my way, my wayor the highway someday you'll see things my way cause you never know, no ya never know when your gonna go somedayyou'll see things my way cause you never know, no ya never know when your gonna go just one more fightand i'll be history yes i will straight up leave your shit and you'll be the one who's left missing me (yeah) this time i'm a let it all come out this time i'm a stand up and shout i'm a do things my way, it's my way, my wayor the highway this time i'm a let it all come out this time i'm a stand up and shout i'm a do things my way, it's my way, my way or the highway someday you'll see things my way cause you never know, when ya never know when your gonna go someday you'll see things my way cause you never know, when ya never know                            This Song is all about Myself been let many people look down on me :..(  
    
</post>

<date>12,August,2004</date>
<post>

	 
      CRAIG DAVID LYRICS"Once In A Lifetime"Once in my life I have the chance to find once in my life I have the chance to findOnce in a lifetime I have the chance to find the key to my dreamsand I know, that it's so good for me Once in a lifetime I have the chance to find the key to my dreamsand I know, that it's so good for meIn the beginning trouble times in my lifeI needed a shoulder to cry onhad no direction until i met youeverything is gonna be all rightlooking out beyond the starssearching always wishingoften i thought that love would escape meyou got the key babeOnce in a lifetime I have the chance to find the key to my dreamsand I know, that it's so good for me Once in a lifetime I have the chance to find the key to my dreamsand I know, that it's so good for meI was lost couldn't find my wayyou took my hand and chased my blues awayyour inspiration is guiding me throughI'm feeling brand newmemories of days gone byhurting always hurtingyou've taken my pain away finallyyou set me free babeOnce in a lifetime i have the chance to find the key to my dreamsand I know, that it's so good for meOnce in a lifetime I have the chance to find the key to my dreamsand I know, that it's so good for me  CRAIG DAVID LYRICS"7 Days"On my way to see my friendswho lived a couple blocks away from me (owh)As I walked through the subwayit must have been about quarter past threeIn front of mestood a beautiful honey with a beautiful bodyShe asked me for the timeI said it'd cost her her namea six digit number & a date with me tomorrow at nineDid she decline? NoDidn't she mind? I don't think soWas it for real? Damn sureWhat was the deal? A pretty girl aged 24So was she keen? She couldn't waitCinnamon queen? let me updateWhat did she say? She said she'd love torendezvousShe asked me what we were gonna dosaid we'd start with a bottle of moet for two[Chorus]Mondaytook her for a drink on Tuesdaywe were making love by Wednesdayand on Thursday &amp; Friday & Saturday we chilled on SundayI met this girl on Mondaytook her for a drink on Tuesdaywe were making love by Wednesdayand on Thursday &amp; Friday & Saturday we chilled on Sunday[Verse 2]Nine was the timecos I'll be getting mineand she was looking fineSmooth talkershe told meShe'd love to unfold me all night longOoh I loved the way she kicked itfrom the front to back she flipped (back she flipped it, ooh the way shekicked it)And I oh oh I yeahhope that she'd carecos I'm a man who'll always be thereOoh yeahI'm not a man to play around babyOoh yeahcos a one night stand isn't really fairFrom the first impression girl hmm you don't seem to be like thatCos there's no need to chat for there'll be plenty for thatFrom the subway to my homeendless ringing of my phoneWhen you feeling all aloneall you gotta dois just call me call me[Chorus]Mondaytook her for a drink on Tuesdaywe were making love by Wednesdayand on Thursday &amp; Friday & Saturday we chilled on SundayI met this girl on Mondaytook her for a drink on Tuesdaywe were making love by Wednesdayand on Thursday &amp; Friday & Saturday we chilled on Sunday[Bridge](Break it down, uh break it down)Since I met this special ladyooh yeahI can't get her of my mindShe's one of a kindAnd I ain't about to deny itIt's a special kind thingwith you-oh.......[Chorus]Mondaytook her for a drink on Tuesdaywe were making love by Wednesdayand on Thursday &amp; Friday & Saturday we chilled on SundayI met this girl on Mondaytook her for a drink on Tuesdaywe were making love by Wednesdayand on Thursday &amp; Friday & Saturday we chilled on Sunday[x2]  Boths Songs i like to sing.. ^_^ 
    
</post>

<date>10,August,2004</date>
<post>

	 
       Today i work as an Bar Holder i'm the one who give the superstar a Beer..! The Boss Tell me to act like i am the Bar Boss Hahaa.... So Cool... I Also Making Joke..... 1st the boss tell me to Fill the cup with Beer.. haha The Air-Con so Cold that will Freeze me up like Ice.. 2nd i have asked to refill again the superstar's Cup haha ... so and yet when the rest time come i talking to them so good... don't feel boring at all  The Show that i have act today in Channel U is call 'Perfect Women'     Wish One Day I Can Be Just Like Them   
    
</post>

<date>09,August,2004</date>
<post>

	 
      I sleep yesterday a 1:00 am and i have a bad dream.. I in a dark place where those people have dead and stay on however i don't know what to do.  i just bring whatever that i could use on to cover myself from getting hit by them... and however they keep following me i trying so hard to fight with them now i know.. Ghosts have no Life.. Ghosts can kill people anywhere. -_-" The next dream i.. i was in my block where i and my friends was playing kids game ^_^" runing around here and there.. when i walking by them i saw they play with FIRE!! and  i trying to pull them and also to stop them from doing it again.. they push me and i fall down to the floor.. they keep on playing.... then i don't know what happen because my mum came and called me up so get up from my Bed What a Bad Dreamz -_-" Today is also my working day at 12:30pm hmz..  
    
</post>

<date>09,August,2004</date>
<post>

	 
      My.. Past: When i was a kid my age is around 10 years old or less.. this is not a lie la.. i wanna tell you.. i Fight with people who block my way.. bully other girls.. fight those who making a fool around the school. Take cover the school all the kids from the school all pri 1 to pri 5 and 6 follow me all the way everyday end of the school... way to what i wanna do to make the school cover with my people.. there many things happening.. But now is already have end... Way i becoming a Good And Caring Guy Liao.. Waiting for my Wish.. Hopeing i could get that come true.. : ( Now i wanna say Girls who look at my web... i'm sure that you will get whatever wish you really want.. 
    
</post>


</Blog>