<Blog>

<date>19,August,2004</date>
<post>

	 
       today was sooooo funny!!! i don't no were 2 start!!   okay!~in career ed today melli was playing with this little black bug on the desk, going "bugy,bugy,bugy".it was so cute. like watching a 4yr old. well the thing is i didn't have the heart to tell her it was just a bit of black fluff!! in the end steven and i told her and she was so upset. we virtually killed her new little frend.   oh and by the way steven....GET A BRA. u need the xtra support!!!!hahahah JJ   but today was good. i was supposed to go to my boyfrendz(lee's) place afterscholl so we could "talk"hahahahaha! but he locked them in the house. poor guy looked like he was gonna kill himself!!   but i have no idea wot else to rite so i gotta go!! BYE   PS; melli how are we supposeed to do the 6 or 7 pages of mathz work in 1 nite???!!! god mrs khong is a phyco freak....and how the hell did she become a mrs????!!!!  
    
</post>

<date>10,August,2004</date>
<post>

	 
      Things i have learnt today:  Fact of life #1:nomatter how good u r, there's always some1 better!! so u'd best give up now Fact of life #2: Knowledge is knowing a tomato is a fruit; wisdom is not putting it in a fruit salad. Fact of life #3:Fashion police do exist!! Fact of life #4: Every one had a uncle who tried to steal their nose( my uncle still has mine!!) Fact of life #5:I'm always right!!!  neway. yesterday i went "riding"(for people who don't no...that means i went to my boyfrends when no 1 else was home) with Lee. and mum got pissed cos i got home 30 mins late oh well.  hey melli!!! guess wot!!melli and devon sittin in a  urlLink  tree...f*@#ing!!!! haha   u no u want 2!!!  sorry....i'm a sugar junkie it's not my fault i'm crazy and can't spell!!! well g2g.       mwa...catchya later!! oh and steven H is  sooo hot......sorry just went delirious then. too much sugar i guess.   
    
</post>

<date>09,August,2004</date>
<post>

	 
        Well well well. Look who it is! I knew you couldn't resist me!! so melli. I finally got a blog. HAPPY NOW????!!!! for everybody who doesn't know. Melli is the annoying visable, invisable friend that kept bugging me to get a blog. i have no idea wot to write so..........i'll talk to mel and write more tomorrow in artsmedia.i have such bad luck!! I'm stuck with mel 5 days a week, all day.could it get ne worserer!!!   
    
</post>


</Blog>