<Blog>

<date>27,May,2004</date>
<post>

	 
       urlLink Download   Right-click save link to disk   53:05 48 kbps  urlLink ogg vorbis   1.) L.S.G. - I'm Not Existing (O.Lieb Main Mix 2) 2.) Evoka - Sebrendita (DJ Cam Dark Jazz remix) 3.) Leftfield - Swords (Cari Lekebusch remix) 4.) Nitin Sawhney - Immigrant (Madd Flex & Afta Hours remix) 5.) L.S.G. - Into Deep (Medway remix) 6.) Lexicon Avenue - Here I Am (Deep Dub) 7.) Robin Porter & Kenneth Graham - Passengers 8.) Giorgio Moroder vs. Danny Tenaglia - From Here To Eternity (Danny Tenaglia Extended Club Mix) 9.) Vincent De Moor -  unknown title  from the Classics II album 10.) Science Dept - Persuasion
     
    
</post>

<date>24,May,2004</date>
<post>

	 
      I've started adding links to  urlLink GEMM  in the tracklistings for the mixtapes.  There's also a search box at the bottom of the page that you can use to search their database.  With over 19 million CDs, LPs, 45s and more from sellers around the world, this is one of your best bets for finding that hard to find track you've been looking for.  
     
    
</post>

<date>24,May,2004</date>
<post>

	 
      (Link Expired) the full 3 cd set in 128 kbps .ogg format.  You'll need a bit torrent client, I recommend  urlLink Azureus.     urlLink  Tracker Info  
     
    
</post>

<date>23,May,2004</date>
<post>

	 
      From the page:  Congress is considering a sequel to the RAVE Act that is even more draconian than the first. If enacted, the Ecstasy Awareness Act would throw people in jail who organize raves or similar electronic dance events if some of their customers used drugs. Fax your Representative and tell him or her not to co-sponsor this dangerous bill.   urlLink Click Here  to learn more.
     
    
</post>

<date>23,May,2004</date>
<post>

	 
      I've started adding links in the sidebar to the pages of my friends from  urlLink Stumbleupon . If you'd like to have your site listed here  urlLink email me. 
     
    
</post>

<date>23,May,2004</date>
<post>

	 
      Each volume is approximately 75 minutes long.  Click on the artist name or song title to search the GEMM database for that selection.   Vol.1 5/16/2004  urlLink -listen  1.)  urlLink Hybrid  -  urlLink If I Survive  2.)  urlLink Space Manoeuvres  -  urlLink Stage One (Pariah's Banjo Mix  3.)  urlLink Breeder  -  urlLink Tyrantic (Slacker's Kingdom Come Mix)  4.)  urlLink Deepsky  -  urlLink Stargazer (Deepsky's Retroactive Mix)  5.)  urlLink Delerium feat. Sarah McLachlan  -  urlLink Silence (Sanctuary Mix)  6.)  urlLink Michael Lanning  -  urlLink The Birth of Trinity  7.)  urlLink Thermobee & Stratosphere  -  urlLink Stoned Trance  8.)  urlLink Timo Maas  -  urlLink Ubik  9.)  urlLink Novy vs. Eniac  -  urlLink Pumpin (Bluefish Remix)  10.)  urlLink Angel  - urlLink  Epilogue Two    Vol. 2 5/17/2004  urlLink -listen  1.)  urlLink C.M  -  urlLink Dream Universe (Tilt's Eastern Storm Remix)  2.)  urlLink Greece 2000  -  urlLink Three Drives On A Vinyl  3.)  urlLink Lexicon Avenue  -  urlLink Here I Am (Hard Dub)  4.)  urlLink Paul van Dyk  -  urlLink We Are Alive  5.)  urlLink Sasha  -  urlLink Expander (Minky Remix)  6.)  urlLink Mad Dogs  -  urlLink Better Make Room (James Holden Remix)  7.)  urlLink PQM feat. Cica  -  urlLink The Flying Song (X-Press 2 Songs Of The Machine Remix)  8.)  urlLink Paul van Dyk  -  urlLink For An Angel (Way Out West Remix)  9.)  urlLink Van M & Leeds  -  urlLink More (Groovejet Mix)  10.)  urlLink DJ Rap  -  urlLink Good To Be Alive (Ganja Kru Remix)  11.)  urlLink Jennifer Bolton  -  urlLink Tell Me (Solid State Club Cut)  12.)  urlLink Scorpio  - AAA   Vol.3 5/21/2004  urlLink -listen  1.)  urlLink Inya Day & Chino Ro  -  urlLink Movin' Up (Wamdue Better Life Dub)  2.)  urlLink Kristine W  -  urlLink Stronger (Johnny Vicious Club Mix)  3.)  urlLink Mariah Carey  - urlLink  Can't Take That Away (Morales Club Mix)  4.)  urlLink Bastrik 99  -  urlLink All I Want (Party People Extended Remix)  5.)  urlLink Omega III  -  urlLink Falling (In Love)  6.)  urlLink BT Express  -  urlLink Do It "till you're satisfied" (Joe T. Vanelli Dub Attack)  7.)  urlLink Soul Providers feat. Michelle Shellars  -  urlLink Rise (Bini and Martini Remix)  8.)  urlLink Soulsearcher  -  urlLink Do It To Me Again (Soulsearcher Club Mix)  9.)  urlLink Yosh presents @-Large  -  urlLink Do You Feel It? (Yosh Jennifer Mix)  10.)  urlLink Tiefschwarz  -  urlLink Music Part 1 (Disco Music Extended Mix)  11.)  urlLink Hi-Gate  -  urlLink Pitchin' (In Every Direction) (Calderone Club Mix)  12.)  urlLink Honey-B  - urlLink  Nightrider (Extended Vocal Mix)  13.)  urlLink Ian M  -  urlLink Dreamer (Pants & Corset Remix)    
     
    
</post>

<date>23,May,2004</date>
<post>

	 
      Welcome to my little corner of the web. This is where you'll be able to find my latest mixes, as well as whatever else I'm up to at the moment.
     
    
</post>

<date>12,June,2004</date>
<post>

	 
       urlLink    Here's a pic I've been playing with.
     
    
</post>


</Blog>