<Blog>

<date>25,May,2004</date>
<post>

    
       
      yeah, this is a time not good for me, but maybe the things chance, not between he and me, just to chance in my life, I need it, because I think my heart is alone, and he doesnt want be sad anymore, he just wanna be free for to love, a real love, then to be in shadows find the light, find the sun and the sky, but I know, everybody hurts sometime, and maybe I did it, but now, my heart is break, anyway he will be ok in a few days, just for to be hurts again, and again, and never end...hold on
       
    
    
</post>

<date>24,May,2004</date>
<post>

    
       
      Creo que ya no tengo en que pensar, y que no tengo que preocuparme por lo que sucederá, porque de una u otra forma pasará, me he dado cuenta que es inevitable y que no se puede cambiar nada que no quieras cambiar, he tratado de dominarlo, para que al final sea, lo que yo quiero que sea, y parece que lo he logrado, ni el propio destino se ha dado cuenta que soy yo la que lo lleva ahora, he soñado lo que ha pasado, incluso he deseado lo que ha pasado, como puede decidir uno lo que sucederá, no lo sé, pero parece que hasta hoy lo he hecho y me alegra, destino amigo mío, no se si existas, pues has sido lo que he querido, extraño?, si demasiado, quíen lleva a quién?, o quizás ya me perdí, si me encuentras por ahi, date la vuelta pues no te seguiré, puedes acompañarme si lo deseas, pero sólo como simple expectador...
       
    
    
</post>

<date>21,May,2004</date>
<post>

    
       
      Somebody said me, you need more posts Diana Sanz, and I think yes, I need more, but I don't know about what write, becouse I've many work, and the people come and they say, Diana, do you have the master of the Yagual?, or Diana do you have information of litologi???, come on, all is Diana, and I need to do many things, so for today is all...
       
    
    
</post>

<date>20,May,2004</date>
<post>

    
       
      maybe some people think, who is Diana, well, Diana is a 23 years old girl, with many dreams, who lives in her own world, she is a dreamer, she wants win every time, but she has a problem, sometimes she can be shy, or you can see she like an angry people, but I think, she is Diana and maybe you and me need touch her soul for to be sure who is Diana, come on open your eyes and put attention...
       
    
    
</post>

<date>22,June,2004</date>
<post>

    
       
       I write to you these lines only to say to you that I hate you,  Something that I had never felt, but now if I say it,  I hate you, for deceiving myself with your words and your look,  That damned look, which burns me and crosses my body,  I hate you because I fell in love with you,  But more I Hate You because really I never had you, I hate you because you made me dream  And I hate You for having the full arms,  While mine are emptinesses,  I hate you for making myself believe that my lips  would satisfy your thirst,  When already they were satisfied,  I hate you, but more I hate myself,  For dreaming with a happy end,  Something that in my life is never going to exist, I hate you for making myself feel Hatred, Something that before from you I never felt...  Diana Sanz 05/25/2004   
       
    
    
</post>

<date>16,June,2004</date>
<post>

    
       
       urlLink    I haven't time for to write nothing, but I can post my favorites pictures, May 29, 2004 Mexico City, the last America's concert from Alejandro Sanz &nbsp; urlLink   
       
    
    
</post>

<date>03,June,2004</date>
<post>

    
       
       urlLink    I was there, in front of my dream, I was over the cruise, thats was terrific...  Posted by  urlLink Hello  
       
    
    
</post>

<date>03,June,2004</date>
<post>

    
       
       urlLink    I don't know what happend with this design, looks like terrible, mmmm anyway this is some from my work, and my love...&nbsp; urlLink   
       
    
    
</post>

<date>01,June,2004</date>
<post>

    
       
      I just wanna feel my reality, because sometimes I just feel the dreams, only dreams, but no my own dreams, dreams about other people, dreams about you, I wanna open my wings and fly to other world, with new skys, without shadows, without paint, a new life for me, a new game for to play and win, because I don’t want lose again… 
       
    
    
</post>

<date>30,July,2004</date>
<post>

    
       
      Well, I don't accustom post poems&nbsp;from others authors, but this one is very good, is from Argentine author Jorge Luis Borges, I did not translate it because serious sacrilege, but&nbsp;you can take a translator and&nbsp;you could see&nbsp;that is really beautiful.   Después de un tiempo, uno aprende la sutil diferencia  entre sostener una mano y encadenar un alma.  Y uno aprende que el amor no significa recostarse  y una compañía no significa seguridad.  Y uno empieza a aprender... que los besos no son  contratos y los regalos no son promesas.   Y uno empieza a aceptar sus derrotas  con la cabeza alta y los ojos abiertos.  Y uno aprende a construir todos sus caminos en el hoy,  porque el terreno de mañana es demasiado inseguro para planes...  y los futuros tienen una forma de caerse en la mitad.   Y después de un tiempo uno aprende que si es  demasiado hasta el calorcito del sol quema.  Así que uno planta su propio jardín y decora su propia alma,  en lugar de esperar a que alguien le traiga flores.   Y uno aprende que realmente puede aguantar,  que uno realmente es fuerte, que uno realmente vale.  Y uno aprende y aprende...  Y con cada adiós uno aprende.   J.L. Borges   
       
    
    
</post>

<date>24,July,2004</date>
<post>

    
       
       The problem is that I can't talk about the problem.    
       
    
    
</post>

<date>06,July,2004</date>
<post>

    
       
        We have the things that we want to have, because if you don't want then, you can leave it...  Diana Sanz 2004    
       
    
    
</post>

<date>02,July,2004</date>
<post>

    
       
       urlLink     I am the foam that the waves drag, The foam that wraps your body,  Even still after one night without truce,  Without rest,  I am the foam that refreshes your lips  And that burns your arms,  I am the foam... I am the foam that goes away with the sea, And in him it will be lost...  Diana Sanz June 2004  &nbsp; urlLink   
       
    
    
</post>

<date>02,August,2004</date>
<post>

    
       
       urlLink     urlLink    Maybe I'm in love, I dont know it yet, only I know that when I see you, boils my blood and when I do not see you I miss you. 
       
    
    
</post>


</Blog>