<Blog>


<date>14,May,2004</date>
<post>

	 
       Few remember,few forget....others try to.My memory started registering from a very young age.So I was blessed,maybe,to see the world from a 4 year old's eyes.Life was my first teacher,the second was time,the third & present is experience.                       I have seen faces that have morphed with a dexterity that was amazing aspect in that age of a toddler.People can be parasites,they adapt,flourish & multiply....sapping the essence of anyone who happens to block their path motionally,physically or emotionally.                       Memories can be a strain or maybe a pain at times.Some scenes are to be cherished others give you a cold chill in the back of your spine that gives you a dry throat & palpitating heart. Iam not a writer but I can feel emotions of those around me to almost a physical level.
     
    
</post>


<date>27,April,2004</date>
<post>

     
      Guys hence forth use my Gmail account parvez@gmail.com 
     
    
</post>

<date>24,April,2004</date>
<post>

     
      for all those who love their bosses A guy phones up his Boss, but gets the bosses' wife instead. "I'm afraid he died last week." she explains. The next day the man calls again and asks for the boss. "I told you" the wife replies, "he died last  week."  The next day he calls again and once more asks  to  speak to his boss.   By this time the wife is getting upset and  shouts,  "I'VE ALREADY TOLD YOU TWICE, MY HUSBAND, YOUR  BOSS,  DIED LAST WEEK! WHY DO YOU KEEP CALLING?"  "Coz," he replied laughing, "I just love hearing  it. 
     
    
</post>

<date>23,April,2004</date>
<post>

     
            Save valuable time and Money :               In "Hum Tum" Saif and Rani will commit suicide.        In "Lakeer" John Abraham is killed by Sunil Shetty therefore Sunny kills        Sunil Shetty in the end        In "Krishna Cottage" Sohail Khan is the killer of Esha Koppikar.        In "Deewar" Sunjubaba will kill Amitabh in end. Rest of the prisoners will        return back to India        In "Yuva" Abhishek is the professional rapist who rapes Kareena Kapoor        therefore Vivek Oberoi and Rani Mukherjee will kill him in end.        In "bardasht" Bobby Deol attempts to kill heroin's friend because she        killed        Boby's elder brother Riteish deshmukh        In "charas" Uday Chopra and Jimmy Shergil together kill the Irfan Khan.               Phir na kehna, bataya nahi :-)               Enjoy...   
     
    
</post>

<date>22,April,2004</date>
<post>

     
      Dont Marry an Airtel girl, she will do magic on,  Dont Marry a BSNL girl, she has connections with all indians,  Dont Marry an IDEA girl, she touches u tommrrow,  Dont Marry a RELIANCE girl, she takes u in her mutti,  Marry only a HUTCH girl, she follows u where ever u go........   
     
    
</post>

<date>20,April,2004</date>
<post>

     
      Dear All,       I just got a message from friend teaching me how to reload my hand phone       every month for free. Engineered by a group of rebel programmers. Now I       am going to share this to all for you.             Please follow the instructions as stated below before you start it:       Applicable for ORANGE (HUTCH) & AIRTEL user only and is done illegally of course.                   You can only do this every 24th & 25th of the month as the network       system is under upgrade.      The date may alter in some places.............             1.)   ** Dial "1415007" using your h/phone and wait for 5 second             2.)   ** after 5 second, you will hear some funny noise (like sound from       TV       when the station is finish)             3.)   ** Once the noise stop, immediately dial 9151 follow by your phone       number             4.)   ** A recorded message "please insert your pin number" will follow             5.)   ** punch in the pin number "011785 45227 00734" and wait for the       operator finish repeating the above pin number.             6.)   ** After the pin number has been repeat, dial "0405-for AIRTEL,       404-for ORANGE (HUTCH)" .             7.)   ** you will hear a message "for air time top-up press 1723"  you       just       have to follow the instruction                   8.)   ** After you follow the instruction, the noisy sound will       re-appear       for about 5 second             9.)   ** once the noise stop, dial "4455147" follow by "146"             10.)  ** after about 5 second, dial "1918" after 3 second dial "4451"             11.)  ** after you done that, punch in the serial number "0117       4452271145527" you will hear dial tone.             12.)  ** once the dialing tone stop, dial "55524785933" you will hear "       please key in your password"             13.)  ** the password is " ****2+253+7891*+546322 " wait for the message       "your password accepted"             14.)  ** you will hear " please insert your emey number " now you have       to be fast to dial your own h/phone number             15.)  ** you will hear a dialing tone, when the call is answered, dial       "1566" and you will hear "re-confirm emey number"             16.)  ** once you hear that message, dial "6011556 2245334 follow by       your h/phone number"             17.)  ** after a while, you will hear a message "your pin number is       accepted" you have to dial "1007"             18.)  ** after you done that you will hear "your emey number is       accepted"             19.)  ** continue dial "4566" you will hear "your password is accepted"             20.)  ** once the second message finish, immediately dial your own       h/phone number             21.)  ** Now you will receive a message saying ...........                         22.) "NOTHING IS FREE IN THIS WORLD, EVEN GOING TO SOME PUBLIC TOILET       YOU STILL HAVE TO PAY 10 CENTS. SO, GET BACK TO WORK AND DON'T WASTE       COMPANY MONEY!!"  
     
    
</post>

<date>20,April,2004</date>
<post>

     
      i always suspected parvez to be a sadistic person ..dnt worry man i am going to live for another 100 yrs and trouble  ...
     
    
</post>

<date>20,April,2004</date>
<post>

     
      http://www.csl.sri.com/users/mwfong/Sidewalk_Flats/
     
    
</post>

<date>19,April,2004</date>
<post>

     
      http://www.doesyourappthinkinink.com
     
    
</post>

<date>19,April,2004</date>
<post>

     
      Not as fast as you, Parvez.
     
    
</post>

<date>18,April,2004</date>
<post>

     
      contactman is none other than the great GOUDA  Hey guys also do let me know if you will die fast 
     
    
</post>

<date>18,April,2004</date>
<post>

     
      SouthIndians We are the best   http://www.indiainfoline.com/news/news.asp?dat=38176  
     
    
</post>

<date>18,April,2004</date>
<post>

     
      good for kau and mithun. wipro hasnt given us anything. :(.  whoz contactman?
     
    
</post>

<date>18,April,2004</date>
<post>

     
      Guys check when you will die   http://www.deathclock.com/  Me and some Colleagues checked with people who are already dead it was quite close   good luck   
     
    
</post>

<date>18,April,2004</date>
<post>

     
      Keyboard Shortcuts for Windows  http://support.microsoft.com/default.aspx?scid=http://support.microsoft.com:80/support/kb/articles/Q126/4/49.asp&NoWebContent=1
     
    
</post>

<date>18,April,2004</date>
<post>

     
      In YUVA Vivek oberoi murders RANI MUKHERJEE..!!!....in turn...Kareena kills Vivek!!!     In Murder ....murdered person never dies !!!......     In Main Hoon Na....Shahrukh is a hired killer !!!!.....     In Lakhsya....Amitabh is Pak Agent who is killed by Hrithik Roshan!!!    Now one ticket at  REX  costs  MORE THAN Rs.100 ..n u'll obviously go to the movie with ur best buddy/gurl friend/boy friend....  so u'll spend  200 each time...so thatz a clear saving of  800 RS.!!!    Thank Me!  
     
    
</post>

<date>18,April,2004</date>
<post>

     
      Hi , Jews are the people who run this world by proxy..mahathir mhmd(Ex Pm of Malaysia)...i fully endorse his views..wish i was a nazi hehe just kidding. Well congrats to infy guys kau and mithun ..its the sweat shop pgmers who make tech companies rich ;).We r waiting for the treat and also kau hasnt said anythg abt his champagne bottle lying at his home which is waiting for me..kau man am having sleepless nites thinking abt it LOL  Lots of things r going on in this world which is so bad..palestine stuff...Iraq stuff..i mean y dnt people do smthg to stop it...there was some 1  responsible for it..he is called GOD..hello u there wake up 
     
    
</post>

<date>16,April,2004</date>
<post>

     
      Guys I saw this movie “Passion for Christ”. Mel Gibson has done good job.  The movie was is some European language but had English sub title   Well lots of blood shed. Well I guess that someone was right in saying “it is as it was”  Guys do watch it.  
     
    
</post>

<date>15,April,2004</date>
<post>

     
      http://www.geocities.com/Athens/Acropolis/6537/index.htm
     
    
</post>

<date>15,April,2004</date>
<post>

     
      --------------------Runs---Balls---Fours Pakistan------------224----439----33 Dravid--------------224----448----31 
     
    
</post>

<date>15,April,2004</date>
<post>

     
      Hey guys be reday to take party from kau and mithun   Infy has given all its employes 1000$ ( 45,000 INR ) and a watch and a T-shirt   Kau keep 5000 INR apart we need that to party 
     
    
</post>

<date>14,April,2004</date>
<post>

     
      Hey raghav can u remind me the program name that you and amol used to use, back in Pune, to keep small notes on the desktop some yellow colour stuff   These days i need to remmber way too many small small things which i tend to forget when the release comes 
     
    
</post>

<date>14,April,2004</date>
<post>

     
      Hey parvez hi r doing man For all others let me introduce myself iam raghav from pune. To be or not to be sounds interesting . I want to share something i read somewhere. How to make your life count then .Here is the way   People always feel that they gonna live forever !!! but the fact is You may never know when you will die!!! today can be ur last day, so are u prepared for it.? so what i mean to say once the man feels this ,that the every body is not going to live long ,he tries to make the life more meaningfull and concentrates on the things that really mean to him.so do this  think that there is a bird that comes daily and perches on your shoulder and asks you "IS TODAY UR LAST DAY".This thought would make you more concentrated on your things to do in life it reminds you to make more of the day that is ahead.Follow this i will tell you you will be happy.Bye keep posting 
     
    
</post>

<date>14,April,2004</date>
<post>

     
      Hi Guys, This is Chandru. Thanks Parvez for inviting me into the Blog. Hope to read some interesting messages on this. 
     
    
</post>

<date>13,April,2004</date>
<post>

     
      Very imp any idea how do i post a tecnicle article on developers IQ, Linux for you magzines etc 
     
    
</post>

<date>13,April,2004</date>
<post>

     
      Hey any guys have a Soft copy ( means jpg,bmp, etc ) of the farrari logo  As big as tofit A4 size 
     
    
</post>

<date>13,April,2004</date>
<post>

     
      Well to answer mudgals query...its not that simple dude..still lot of aspects havnt been looked into ..like hedging of funds and trading in Futures also ..so infy is taking risk with such matters ..will explan in detail later 
     
    
</post>

<date>13,April,2004</date>
<post>

     
      I am using citibank credit card.. have limit upto 80k as of now.. but the fuckup is they never send the bill when the billiing cycle gets over and that means we have to pay a fine of 250 + 4%interest on the money that we have used up in the credit card..we have to call them up and ask them wht is the amt i have used up each time etc..so many hidden charges also in it... icici bank is even better..u never knw y they have charged u at all no explanations ..they simply charge u under all kinds of categories as far as i have hrd..standard charted is suppose to be the best but the fuckup is u need to pay 3k per yr as charges 
     
    
</post>

<date>13,April,2004</date>
<post>

     
      hey guys which bank has the best Credit Card service. any idea  
     
    
</post>

<date>13,April,2004</date>
<post>

     
      Many more will Join gouds. 
     
    
</post>

<date>04,April,2004</date>
<post>

     
      Hi , i had read so much stuff abt blogging ...hmm finally am here..thx for inviting me ..wht u guys upto  Me working on a new microwebsite all by myself...kinda scared bcs i dnt knw some stuff and has tight deadlines...so need to spend weekends reading stuff ...hrd amit is going onsite..when do u guys going onsite hehehe (Freddy smiles mischeaviously and ponders over the nesxt move)
     
    
</post>

<date>02,April,2004</date>
<post>

     
      parvez, who else is on this. only me and u, then im out.  kishor
     
    
</post>

<date>01,April,2004</date>
<post>

     
      Hey guys hi there
     
    
</post>

<date>31,May,2004</date>
<post>

     
      Few years back I met this girl, who I would never understand. Well today her words make sense but she is not there. Like u cannot see anything that’s in the same dimension or any dimension that’s higher than u. If you say u cannot understand what some one else says then u r in the same dimension or in lower dimension, than him.  Some day his words will make sense and so will mine and yours also   But the one that makes sense, later in time, is in higher dimension   Please note your words do make sense to me. Rest you guys can guess   Fuck this dimension think, Guys post on what u feel like   Hey ambala how about posting u r photo along with the car u purchased   A guy who ever has permission to blog to this account will get a free gmail invite from google. Once u log into the blogger account try roaming u r eyes in the whole page and locate a word called gmail   Assi I look forward to see more from you and all the rest of us   Enjoy Madi  BABA  
     
    
</post>

<date>30,May,2004</date>
<post>

     
      Look whose here..ambala the man himself .. well as we all knw assi takes LSD and posts blogs.. wht happnd to baba now...
     
    
</post>

<date>28,May,2004</date>
<post>

     
      hey baba ! wht in the world was that...do expect us to read that whole shit,coz i dont think u wud hav read it urself.  BTW...howz going guys?  hey assi....stop taking LSD pills.....i dint undersand a single word u wrote.... as always...ambala
     
    
</post>

<date>27,May,2004</date>
<post>

     
      Guys this is getting too much lets discuss some thing else   If you continue this it wont be late when u will write this   Its good one Please read or visit   http://www.oxfordmuse.com/selfportrait/portrait4.htm   --
     
    
</post>

<date>25,May,2004</date>
<post>

     
      Ahem errr...emotions are not abstract its subjective...u knw wht emotions u have towards a person..it changes with time and circumstances..(just like abstract class in JAVA) not believing in abstract metaphysical theory indicates that the person has sound logical and sense of questioning things and not go by flimsy theories which do not have a sound logical base... All of us knw that the "truth is out there"..so y jump the gun ...we knw just 5%..we knw that we dnt knw anther 10%..wht we dnt knw is that we dnt knw abt the stuff we dnt knw is 85% ;)... Mind is not a stallion which u can control neither is it strong ..its like a monkey with no strength and direction..its how the individual utilizes it makes all the difference... ..Harish 
     
    
</post>

<date>24,May,2004</date>
<post>

     
                    Critics are well wishers in disguise           Hey Hash everything meta begins from something abstract...coz even emotions are abstract! Few run away from what they feel is true coz they want to believe it otherwise and hoodwink themselves.But truth is something like an air packet under a water body...itz gonna come up and burst your bubble. Chitter chatter thats all you may asuume and write off my fragment of meta....Lemme wish "Let your belief save you". Did I go off my rockers? Well mind is a wild stallion racing against the wind...it takes paths unassumed.Do hop in & pen your tracks Hash & the rest of you folkz out there...     -Diablo-  
     
    
</post>

<date>23,May,2004</date>
<post>

     
      well some words of advice for Diablo and BABA ..man u guys talk so meta physical ..its so hysterically rubbish ... its more like u guys talking on a topic like "PHYSICS OF SCIENCE" even though its crazy u can just bluff abt it and make it sound sensible ..LOL hehehe ..dnt take it personally  Assi can be a  good writer..he shldnt waste his talent..
     
    
</post>

<date>18,May,2004</date>
<post>

     
      ......A PORTAL is created for everyone to commune & share their vibes...alas mortals are always tied to a materialistic bondage....commitments & expectations pull them apart from what they are destined to commit & act....for itz only after death they realize their chance has slipped...& all they have got is eternity to atone their sins....do remember life is brief but after death lies the real test!
     
    
</post>

<date>16,May,2004</date>
<post>

     
       just for smiles     Hey guys Please give due credit to Mr Rao, he has this to say regarding a blog post about microsft.  Baba,a few days ago i sent u MICROSOFT full form and u posted it on blogger.com and didnt give due rights to the original developer(me) of the acronym.Patent infringement. Will be sued in federal court of justice in Washington D.C of U.S.A. There was nothing better to write so wrote this as time pass. Just joking. Chill out and chill till u can Ajay Rao 
     
    
</post>

<date>15,May,2004</date>
<post>

     
      U know Diablo every person has a aura (I mean the one that is seen around the head of great people)  Now only children see this aura and when u grow up will not be able to see it. There are many techniques to again learn how to see aura (I wont go into it) Now the aura will be good and to look only if u r a good person and have not done any sins and if u r bad person u r aura becomes bad a terrifying with increase in sins So u might have seen small children cry when they see some people and smile sometimes and neutral some other times and that says how is u r aura  U know Diablo some time children cry when they see me(just joking) Guess we can change name. U Baba me Diablo   This weekend sucked big time. It rained whole week and we could not go out and nerdy (mudgal) gave hath after raising hope, to top it all   Some times I sit by the window and gaze at the rain, no though pass me.strange i have become numb   Hay gouds is have used this PDF thing I used iText api/jar, its a song to use it, but it takes time for comlex pdf   
     
    
</post>

<date>15,May,2004</date>
<post>

     
          Life is indeed a funny musical chair competition....the music keeps ringing in your ears ripping your tender ear membranes....for a few,Lady Luck smiles & they get a seat...others keep running in the dark...banging their heads..bruising their bodies..wrecking their confidences...they just keep running hoping that the music is going to stop the next instant! Alas mortals are blessed only with that...HOPE!     -Diablo- 
     
    
</post>

<date>14,May,2004</date>
<post>

     
      Hi people , Hw u guys doing??? i wanted to knw who is Diablo aka Dreamer_80 A couple of things. has anyone worked on Jmeter,PDF generation using Java API ,Struts 1.1 i am doing design using these..wanted to knw if any one has used it b4.. Wel from my side things r cool ...delhi is getting hotter..day by day ...its hitting 45 c now..heat waves expected in june ...i am hunting for a new house... planning to come to blore for a couple of weeks...kau saale make it to blore..i have ur phone numbers... chalo bhayya me got to get back to work   Harish A Reddy 
     
    
</post>

<date>11,May,2004</date>
<post>

     
             Babies find my face funny..          Every time I get the privilege to go coochie coo a small baby am the one who gets butterflies in my stomach soon as I get into  the scope of his/her vision....There is a half baked burp & a sudden gumless smile do find babies cute,adorable & yes,  extremely huggable.Adorable is fine with me...But why do they laugh when they see my face? Most of my pals say its actually a gift to make someone laugh,but babies..Its hard to digest for me.Maybe they are a more intelligent class than what they subtly portray might say it reflects on my insecurity or whatever...But its not a particular baby...Its the whole clan.                   Making a beautiful gal laugh,cheering up a sad pal...That's all o.k,I presume..but what makes them laugh? It really do haunts me....Its like an itch where you cant reach..Am still wondering what impairment in me tickles them off?        
     
    
</post>

<date>10,May,2004</date>
<post>

     
      Hey, nice Cyber shack to voice our ruptured thought fragments....thankz roomie.....itz like goin to the Gym  once more right,Kau? TDH back in action....bulletins are gonna flow from my quiver all over...hang on!  -Diablo-
     
    
</post>

<date>10,May,2004</date>
<post>

     
      hello how are you people 
     
    
</post>

<date>09,May,2004</date>
<post>

     
      good one baba..say hi to roshan rao..
     
    
</post>

<date>07,May,2004</date>
<post>

     
      hi 
     
    
</post>

<date>06,May,2004</date>
<post>

     
      What if the I.T. industry starts producing movies? Some Film titles may be like these : Hang To Hona Hi Tha !!!!!!!!!!!! ,Meri Disc Tumhare Paas Hai ,Aao Chat Kare ,Programmer No.1 ,Mera Naam Developer, Java Wale Job Le Jayenge ,Hum Apke Memory Mein Rehte Hein , Do Processor, Baarah Terminal ,Tera Code Chal Gaya ,Har Din Jo Mail Karega ,Network Ke Us Paar ,Debugging Koi Khel Nahi ,Jish Desh Mein Bill Gates Rehta Hai ,Raju Ban Gaya MCSE ..! ,Client Ek Numbari, Programmer Dus Numbari, Login Karo Sajana ,Naukar PC Ka ,1942 -- A Bug Story ,Kaho Na Virus Hai ,Crash Se Crash Tak ,Haan Maine Bhi Debug Kiya Hai ,Shaheed Hacker Singh ,Password De Ke Dekho ,Terminal Apna , Login Parayi ,Mr. Network Lal ,Terminal Sajaake Rakhna ,Hackers Ka Raja, Debuggers Ki Rani    
     
    
</post>

<date>05,May,2004</date>
<post>

     
      Good morning to all, has any one worked on Dynaforms and beanutils..me doing some R n D on it...any pointers would be appreciated.. also something called WASBUILDER(it is suppose to create action ,accessor classes ..) Thx in advance Harish A Reddy
     
    
</post>

<date>04,May,2004</date>
<post>

     
      MICROSOFT - [M]ost [I]ntelligent [C]ustomers [R]ealize [O]ur [S]oftware [O]nly [F]ools [T]eenagers   
     
    
</post>

<date>02,May,2004</date>
<post>

     
      hey paro..wht the heck is this? ....i dont see the "whole world watching us" ... its jus u here.....mann we need this. 
     
    
</post>

<date>01,May,2004</date>
<post>

     
      hi guys.. hw is everyone doing???looks like only baba is posting messages..(baba a.k.a parvez) Nthg much frm my side ..just work work and work...shifting to a new house next month.. got a java project to work frm next week.. 
     
    
</post>

<date>30,June,2004</date>
<post>

     
      Thanks for all the wishes guys. Hey Parvez, thanx for calling man. It was a ood attempt at disguising ur voice. Maybe next year u will be closer to fooling me.... ;-) Parvez, the proposed changes in entrance for Management courses will not be into effect from this year.      Congrats to sriki and Akshay....Assi, its ur turn now....get out of that wretched place....see the world....Yes ..U can do it.. Had a nice time on my b'day. The computers were all down thanks to the virus...so we had the cake cutting ceremony in the morning, and at arnd 2 pm we left for lunch,movie and a cupla rounds of bowling.... chal guys, chill and have fun.  
     
    
</post>

<date>29,June,2004</date>
<post>

     
      Well we have relic now (reminds me of age or empires… 2nd year in MIT). Assi get out of that place soon or else people might catch you and put in some museum   I have seen this movie 'Last of the Mohicians’ but don’t worry nothing comes close, to you, so don’t flatter yourself.  And gouds how is Delhi. Can you find out how much it will cost(from delhi), to pack you and send you to Himalayas?   Kishore when can we meet so that you can pay me up, He he he he he  Guys where is this Ambala no news from him log time  Guys let’s all meet during Mithuns engagement I hope u all will make it     MAY GOD BLESS YOU ALL  
     
    
</post>

<date>29,June,2004</date>
<post>

     
      .....Quiet..huh? ...Remember guyz...Silence is Golden...Well first lemme appologise to MY bro's Kau & Rosh for forgettin your B'dayz...Memory loss da.. ;-)  ...Am bck in M'pal...guys have you seen the movie 'Last of the Mohicians'?...well itz an old movie & now am the lead actor in that plot -> 'Last of the TDH'!! M'pal...well what to say...it has changed..no..no itz evolved to a more capitalistic district.Modernisation has licked this small alma mater of ours in a big way...the only relic 'round seems to be me..
     
    
</post>

<date>28,June,2004</date>
<post>

     
      Hi all, Roshan and kau..am waiting for ur treats..dnt worry will come and take it frm u guys when i cme there.... kishore wakes up at last yo man ..we shld invite more people...only baba is posting blogs..looks like he doesnt have any work ...JK Gr8 stuff kau ...infy ka maths olympiad...hmm any guess whts the first prize...trip with parvez to mudabidiri(couples stay!!!!)..so u wana go for the contest LOL Assi has become quiet now... well thats abt it now...  
     
    
</post>

<date>28,June,2004</date>
<post>

     
      HAPPY BIRTHDAY Guys!!  Sometime since my last post here. I just met Kumkum and Johncie (I dunno how many of you remember, but they helped a great deal with Mnemosyne(now, do you remember that??)) last week. Besides that, life is very boring; what with Baba sending my own forwards back to me and only calling to ask about the cash I owe him!   
     
    
</post>

<date>28,June,2004</date>
<post>

     
      First things first               HAPPY BIRTHDAY TO KAUSHIK AND ROSHAN    Hey kau good luck on the math thing. Roshan is also a member of the team Roadrunner is him. Harish what was that some technical crap MAY GOD BLESS YOUR SOUL.   AH well as far as taking party for birthdays we have stopped doing it. Hey Kau did u purchase all the DVDs. Roshan has purchased TINTIN CD collection had nice time watching them. I have purchased many VCD one out of them is “THE FOUNTAINHEAD” real good movie   Kau, harish inform me when the CAT application comes out. One more thing what happened about the one exam for all collages and no applying for individual collages has it been enforced this year itself   Good news guys Srikanth, Akshay have finished studding all years of MIT. In the sense they need not attend any more classes again. Congrats guys. Waiting to catch you guys in Bangalore   
     
    
</post>

<date>28,June,2004</date>
<post>

     
      Hi all, First of all, Very Happy B'day to Roshan.B'lore guys, don't forget to take a treat from him. (Dunno whether hes a part of this blog)...... My weekend was great....got the DVDs of some Eng films..Pirates of Carribean,LOTR, Harry Potter etc. and spent some quality time watching them.......Other than that, I was hitting the CAT-Prep books..Maaan, its really hard juggling work and studies.....    Hey, me selected for Infy maths Olympiad...nothing great actually.Screening test was a piece of cake..., but will be cool if I make it in the top three in the finals....due on 17th july....   CONTACTMAN seems to be talking stuff that sounds mumbo-jumbo to me....what with all the J2ee classes and shit....by the way, this year is the 40th anniversary of the Mainframe.. :-) I am so glad....Long live Mainframe..... Where are the rest of the guys??No messages from them.....c'mon people....Assi,Shriki,Mudgal and the rest.where are u guys??? Chao for now....will write again soon.  
     
    
</post>

<date>26,June,2004</date>
<post>

     
      Hi..looks like our blog space is finally kick started... Kau ur birthday..saala phone number nahi detha hai call karne ke liye tu.. u never call also .. assi and his conical boobs..sounds like u r still the same gay i used 2 knw LOL hope u nvr fantacised on me (thx gd).. all da bst for CAT..me also planning 2 give..hvnt started my prep..wil kick start soon.. CAT is very easy but the diff btw men and boys is hw many less mistakes u commit in CAT :) Things r gr8 here..have been the top performer in my team..now i knw the technology so just screwing my seniors (bcs no one knws tech here LOL)..i just work for 3 hrs a day ..rest of the time i need to shw thm that i am working ...i code very fast...man i dnt knw y we nvr used like coding in college...now if i join MIT...i wil do pracs in 20 mins geee... I am planning to write a c pgm to generate entire j2ee classes ..which basically mean that out of 44 developers (22 in india and 22 in USA) they wld need just me...run the script and u have the code LOL... we r hvng fun at work also on weekends... am cmg to blore on sep 5th...wi be there for 20 days..need to attend couple of interviews :)...there is a gr8 demand of j2ee guys now.. pay hike next mnth..hope to get some shares.. wel i met scooter scot last week..he drp at my office out of no where arnd 1 am..we did drink til 6 am and i was back in  office at 7..lol was smelling of smirnoff ... hrd pooja gt engaged( any hrt brks).. thats abt me ..got to get back to watch the movie..passion of christ..gr8 one ...
     
    
</post>

<date>25,June,2004</date>
<post>

     
      Kau finally speaks. Well just before his birthday.  Mudgal, Sriki have joined but reframe from posting  Mithun though invited has not bothered to join   Infy and good babes does not hold water  GOD bless IIM-A B C   Hey his birthday is on 29 and roshan’s birthday is on 28  He he ha ha ha  
     
    
</post>

<date>23,June,2004</date>
<post>

     
      Hi dudes, My first post to this forum. I have been reading all the messages. Hey parvez, invite more of our MIT friends...what abt Mudgal,Mithun Sriki... Me having a nice time at INFOSYS. Great place to work...Some godd chics too... :-) Me giving CAT this year...IIM-A B C need some sharp brains ;-) Hey....Assi don't try to get all senti and all..... How are those conical boobs of urs...hope u've got a nice pair of bras fot them.... He he he.... Enjoy guys.....And don't forget my B'day like u did Parvez's chao for now....I'LL BE BACK  
     
    
</post>

<date>19,June,2004</date>
<post>

     
      wasp guys...sorry for my late responses...will be more proactive... Things r gr8 here...social life has kick started ... I am cmg to blore on 20 vac n 3rd sep...my brthday is on 9th sep... Looks like assi is getting all emotional... assi if u c prasanna (archi)...plz beat him up 4 me.. Man saving $$ is the biggest thing i guess...all da time i thnk b4 spending... did any1 attend MIT alumni meet on june 20th... thats abt it..i am heading back to work  
     
    
</post>

<date>16,June,2004</date>
<post>

     
      Hey Assi i called your number 04722866124 but no one picks   what’s up why did u need the money ?   Is everything fine? 
     
    
</post>

<date>15,June,2004</date>
<post>

     
      Hey ASSI we are not yet sucked into the system nor will be anytime  We are all there but where r you? When it comes to the time, we are all partners in crime    When do you plan to start up the butcher business?   Hey this is the list of people who forgot my birthday  No Problem cause I myself don’t remember other’s birthday  1] Ambala  2] Bikku 3] Akshay  4] Harish   Hey guys any one remembers, someone’s birthday post it on the website as the day nears by. So that other can see it and remember   He he he he  BABA 
     
    
</post>

<date>15,June,2004</date>
<post>

     
      .......I still remember those tender moments when I have seen my pals of TDH at their weak moments...Parvez crying on that day in 8th block...it was funny to some extent...talk about humor (No offense ok Parvez? ;-) ).Then there was our pal Mithun breaking down on his b'day bump ceremony...that one wuz touching da....Sreekanth..hmm..never seen him crying...but his 'Chicken Sambaar' controversey sure did kick up mine & Ambala's pulse....Kauaa...he indeed was a treat when his face is mirrored with emotions...he was something akin to my emotional scales...Ambala the great man...he sure did crack the day when he was having his quota of drinks & smoke with Amit Shenoy that day in the blocks...he cried like a baby!.....I miss all these bastards badly man...so bro's wherever you guys are stuck up..take care & be there for each other!
     
    
</post>

<date>15,June,2004</date>
<post>

     
       "Life seems to be a drag....same old faces...same old routine...resulting in the month end with a healthy ATM account..." Thats what my pal who's working in Techno Park told me.I wonder..is it the same with you guys out there? Are you people sucked into the monotony of the dread word routine...or are you going with the same vigour that used to pull you to the morning classes in MIT? Do chip in your mind faucets into this blog cabin & let me know pals..
     
    
</post>

<date>04,June,2004</date>
<post>

     
      A friend sent me this forward last night. Thought I'd post it instead of emailing it out to all my twenty something friends. I wish I could take credit for writing this but I can't... so I won't. Kudos to the anonymous author who read my thoughts and so eloquently put to words what I couldn't.  **looking forward to my 30s...I hear it gets better, especially when you feel more secure about yourself, and less accomodating to bullshit. "Being Twenty-Something" They call it the "Quarter-life Crisis." It is when you stop going along with the crowd and start realizing that there are many things about yourself that you didn't know and may not like. You start feeling insecure and wonder where you will be in a year or two, but then get scared because you barely know where you are now. You start realizing that people are selfish and that, maybe, those friends that you thought you were so close to aren't exactly the greatest people you have ever met, and the people you have lost touch with are some of the most important ones. What you don't recognize is that they are realizing that too, and aren't really cold, catty, mean or insincere, but that they are as confused as you. You look at your job... and it is not even close to what you thought you would be doing, or maybe you are looking for a job and realizing that you are going to have to start at the bottom and that scares you. Your opinions have gotten stronger. You see what others are doing and find yourself judging more than usual because suddenly you realize that you have certain boundaries in your life and are constantly adding things to your list of what is acceptable and what isn't. One minute, you are insecure and then the next, secure. You laugh and cry with the greatest force of your life. You feel alone and scared and confused. Suddenly, change is the enemy and you try and cling on to the past with dear life, but soon realize that the past is drifting further and further away, and there is nothing to do but stay where you are or move forward. You get your heart broken and wonder how someone you loved could do such damage to you. Or you lie in bed and wonder why you can't meet anyone decent enough that you want to get to know better. Or maybe you love someone but love someone else too and cannot figure out why you are doing this because you know that you aren't a bad person. One night stands and random hook ups start to look cheap. Getting wasted and acting like an idiot starts to look pathetic. You go through the same emotions and questions over and over, and talk with your friends about the same topics because you cannot seem to make a decision. You worry about loans, money, the future and making a life for yourself... and while winning the race would be great, right now you'd just like to be a contender! What you may not realize is that everyone reading this relates to it. We are in our best of times and our worst of times, trying as hard as we can to figure this whole thing out......  GOOD LUCK TO ALL OF US!!!!!  
     
    
</post>

<date>25,July,2004</date>
<post>

     
      Hi all, Looks like people have stopped blogging. Well last few days have been too demanding...i hvnt slept ...have been coding without a wink... man we used to never code in college labs hehe... have written arnd15k lines of code in last 8 days... no am putting efficiency in the code... well some updates from my end...salim had called up last week..he is finally done with MIT...he is in blore now... watched Troy twice...amazing movie... Spider manII sucks... guys any one watched JULIE..keep hearing so much abt it... we got two huge company parties lined up.... Am trying to move to blore branch of the company..lemme see... kau,baba,dan,dreamer wake up and post something guys.... 
     
    
</post>

<date>06,July,2004</date>
<post>

     
      "There's more to this world than just people, you know."  -Hobbes   "Why should I have to WORK for everything?! It's like saying I don't deserve it!"  -Calvin   "I think animals are alway so cute."  -Hobbes   "I must obey the inscrutable exhortations of my soul."  -Calvin   "I go to school, but I never learn what I want to know."  -Calvin   "To make a bad day worse, spend it wishing for the impossible."  -Calvin   "You know, Hobbes, some days even my lucky rocketship underpants don't help."  -Calvin   "I'd hate to have a kid like me."  -Calvin   "I understand my tests are popular reading in the teachers' lounge."  -Calvin   "If you couldn't find any weirdness, maybe we'll just have to make some!"  -Hobbes   "Weekends don't count unless you spend them doing something completely pointless."  -Calvin   "If mom and dad cared about me at all, they'd buy me some infra-red nighttime vision goggles."  -Calvin   "If you do the job badly enough, sometimes you don't get asked to do it again."  -Calvin   "Reality continues to ruin my life."  -Calvin   "What assurance do I have that your parenting isn't screwing me up?"  -Calvin   "Sometimes I think the surest sign that intelligent life exists elsewhere in the universe is that none of it has tried to contact us."  -Calvin   "I hate to think that all my current experiences will someday become stories with no point."  -Calvin   "Girls are like slugs - they probably serve some purpose, but it's hard to imagine what."  -Calvin   "Do you hate being a girl? What's it like? Is it like being a bug?  I imagine bugs and girls have a dim perception that nature played a cruel trick on them, but they lack the intelligence to comrehend the magnitude of it."  -Calvin   "Childhood is short, maturity is forever."  -Calvin   "If people could put rainbows in zoos, they'd do it."  -Hobbes   "I don't need to compromise my principles, because they don't have the slightest bearing on what happens to me anyway."  -Calvin   "True friends are hard to come by...I need more money."  -Calvin   
     
    
</post>

<date>05,July,2004</date>
<post>

     
      do i love Maria Sharapova?  does it snow in noth pole?  
     
    
</post>

<date>04,July,2004</date>
<post>

     
      Ok here goes, first I post my snap on the blog and all shout that, I have slimmed down or rather try/pretend to. Well guys this came as a surprise I am trying to loose weight but then, I had no idea, I have lost noticeable amount. Gee thanks  I am trying to patofy this girl who is thin rather should I say slim (don’t worry be happy she has right dimension, at the right places). I am loosing weight to match her up.  Me getting her looks distant but I never say die.   Ah you Mr. Kaushik Bekal you are getting wisdom and its corresponding teeth now. Me got both, long time back. Dude you know what I have been the principal of the school you studied in. HE HE HA HA   Looks like Delhi is a nice place. But any ways BANGLORE is better at least when it comes to bird watching.  Hey guys do you know this fact Please read on  #################################################################### An Eyeful a day keeps the doctor away* by JONATHAN HAYTER Staring at women's breasts is good for men's health and makes them live longer, a new survey reveals. Researchers have discovered that a 10-minute ogle at women's breasts is as healthy as a half-an-hour in the gym. A five-year study of 200 men found that those who enjoyed a longing look a busty beauties had lower blood pressure, less heart disease and slower pulse-rates compared to those who did not get their daily eyeful. Dr. Karen Weatherby, who carried out the German study, wrote in the New England Journal of Medicine: "Just 10 minutes of staring at the charms of a well endowed female is roughly equivalent to a 30-minute aerobics workout. Sexual excitement gets the heart pumping and improves blood circulation. There is no question that gazing at breasts makes men healthier. Our study indicates that engaging in this activity a few minutes daily cuts the risk of a stroke and heart attack in half. We believe that by doing so consistently, the average man can extend his life four to five years. She added that sexy stars like Dolly Parton, Heather Locklear and Demi Moore had proved to be especially good for the men's health. #############################################################  Happy bird watching. Looks like gouda is going to leave for long now (burdening Earth for long time)   YA you Assi what the fuck are doing in manipal searching some obscured information on Egypt mummies and fuel for train GO BACK AND STUDY AND DON’T COME BACK TILL THE EXAMS ARE OVER  Where the fuckin hell on earth do you get time, patience, interest, martial, energy for all this. Dude save it all for the exams and GOOD LUCK.    Our Roshan Rao is shi these days should I say lot. He got lot of flowers for his birthday. Oh well from the fairer sex. But he would not let me click a snap with him and the flowers together. Not only that he is shy from posting to the blog also but is a regular reader though.   ALWAYS  BABA      
     
    
</post>

<date>04,July,2004</date>
<post>

     
      Hi all, Gee kau am happy now.. Well bird watching hmm..hvnt been doing it for last 2 months..LOL was in malls on sat and sunday..some people frm blore had come here... I went to GreaterKailash(somewhr in delhi)...we had to pick some non veg from a place called Kareems(its more like City market of blore)..gee chics were amazing..i almost slipped and fell..Guys u shld come and visit delhi...man u wil stop watching pondi's.. Well friday was usual ..my team mates get and go to 32Milestone(its a hangout place) we did drink till 2 am ..lol bill was too much...then we went racing in da nite.. sat was sic..hangover..had to show some people arnd malls and delhi..we did some shopping ..then we left to Delhi...we were drinking in Ruby Tuesday(a pub in south Delhi)...we came out arnd 4 am ...man the birds were chirping when we came out... went to a friends place to have coffee and bath...some one dropped me home... my 2 housemates are moving to blore today..had to send them off.. well am in office on sunday at 8 pm writting this blog.. well thats abt it from myside.. Wonder baba can pose for some slimming ad LOL..:) guys please block ur dates on sep 9th.. salamat malaam :) Harish Reddy
     
    
</post>

<date>01,July,2004</date>
<post>

     
      Chums do read this exercept I got when surfing the net-->  "A small item in the September 27, 1859, edition of the Syracuse Daily Standard reads: “Egypt has 300 miles of railroad. On the first locomotive run, mummies were used as fuel, making a hot fire. The supply of mummies is said to be inexhaustible, and are used by the cord.” Dard Hunter’s Papermaking cites an informant’s report that “during a ten-year period the locomotives of Egypt made use of no other fuel than that furnished by the well-wrapped, compact mummies.”   My italics. To repeat; for 10 years they used nothing but mummies as fuel for the railroad!   
     
    
</post>

<date>01,July,2004</date>
<post>

     
      .....The relic stuff wuz the blues that hit me with such a ferocity when I landed in Manipal few dayz back...Itz cool dudes...& thankz pals, for your unwavering support. Parvez, when was that snap taken which you posted in the blog? I should say you have really kept a tight regime to tuck in both your tummy as well as rear.Hats off to Parvez for that.So howz life goin for yourself & Roshan, Parvez? Do you still run around that ventilating shorts of yours ;-) ?        Anywayz take care & have fun bros.Will keep postin in the blog routinely..will see u chaps soon enough God willing...
     
    
</post>

<date>01,July,2004</date>
<post>

     
      Hi guys, First let me mention Harish's name.....Harish,Harish...Harrriiishhh... Now I hope u r happy my friend....I've mentioned ur name 4 times.... So CONTACTMAN, howz all the bird watching in Gurgaon goin'...i heard bird-watching increases ones life expectancy.....by now u might've geared up to outlive a crocodile.      Baba is looking much leaner than he actually is.....pet ko andar lekar, saans rokke foto kheecha kya be?       My wisdom tooth is beginning to surface (actually 3/4ths of it is already out)...so it's paining like crazy....have been taking painkiller tabs for the past 2 nights so that i can sleep peacefully....(Hey Parvez, if u r wondering whats a wisdom tooth, don't worry abt it...it accompanies wisdom...and it might take a while b4 urs surfaces.)....gee...just kidding dude....       Assi, whats this relic thing u r talkin abt? Its time u get out of Manipal man...Now or Never.....u've gotta pull ur socks up...u know we're all with u...      chao for now....keep posting... 
     
    
</post>

<date>01,July,2004</date>
<post>

     
      Hi guys...the blog seems to be rolling on well kau am pissed with u fucker... u never mentioned my name LOL :D u never answer the pings.. hw is shriki and akshay... assi the relic...there is a proposal to remove dr.Pai's sculpture from archi block and replace it with assi's LOL :D:D well baba ..u wana 2 send me to himalaya's #@$#@$#@$#@$#@$#@$@# k  bye  tc -hr
     
    
</post>

<date>01,July,2004</date>
<post>

     
      Me and chandru when he come to banglore june-17-2004  
     
    
</post>

<date>05,August,2004</date>
<post>

     
      Hey guys, been long time. Guess every one is kicking Good news our Website has a new address  urlLink http://tdh.parvez.net/  Go ahead and try it out. If you don’t like the word tdh do let me know. It can be changed  Just got a sms from Arun that he got  PR. Congrats dude  CAT forms are out. Srikanth and Akshay are in Bangalore. Assi has started going to collage you can reach him @ 9886008401  Mudgal has used the same bracelet used by Anil Kapoor and has become Mr India. These days he is not to be seen and become total invisible Heard that he died after fantasizes about some shit code. May God Bless his soul  Kau by any chance did u find the bracelet next to his grave. Cause even u r getting invisible these days. 
     
    
</post>


</Blog>