<Blog>

<date>15,August,2004</date>
<post>

	 
      He was horny & I was feeling dangerous.  He has a nice house two car garage but I was there for the dick not to admire the house.  His dick is soo big and it feels so good in my mouth - the way it throbs and the way he looks at me while I suck his big dick.  I couldn't handle it anymore I was cumming all over myself while sucking his dick I needed penetration and once he entered me it was worth traveling 30 miles for some dick.  I will fuck him or suck his dick anywhere anytime :-) 
     
    
</post>

<date>15,August,2004</date>
<post>

	 
      He's talk dark and handsome and doesn't wear a wedding ring!  I had already decided I was going to fuck him when I discovered he was married, that's why I was so upset when I found out.  It started out as an attraction- but the attraction was so intense.  He first kissed me on the elevator and I knew he was going to but didn't stop him.  That was the start of my office affair w/ the married guy.  We work for a government contractor and he has a very high level security clereance
     
    
</post>

<date>15,August,2004</date>
<post>

	 
      He's talk dark and handsome and doesn't wear a wedding ring!  I had already decided I was going to fuck him when I discovered he was married, that's why I was so upset when I found out.  It started out as an attraction- but the attraction was so intense.  He first kissed me on the elevator and I knew he was going to but didn't stop him.  That was the start of my office affair w/ the married guy.  We work for a government contractor and he has a very high level security clereance
     
    
</post>

<date>15,August,2004</date>
<post>

	 
      He's talk dark and handsome and doesn't wear a wedding ring!  I had already decided I was going to fuck him when I discovered he was married, that's why I was so upset when I found out.  It started out as an attraction- but the attraction was so intense.  He first kissed me on the elevator and I knew he was going to but didn't stop him.  That was the start of my office affair w/ the married guy.  We work for a government contractor and he has a very high level security clereance
     
    
</post>

<date>15,August,2004</date>
<post>

	 
      He's talk dark and handsome and doesn't wear a wedding ring!  I had already decided I was going to fuck him when I discovered he was married, that's why I was so upset when I found out.  It started out as an attraction- but the attraction was so intense.  He first kissed me on the elevator and I knew he was going to but didn't stop him.  That was the start of my office affair w/ the married guy.  We work for a government contractor and he has a very high level security clereance
     
    
</post>

<date>15,August,2004</date>
<post>

	 
      He's talk dark and handsome and doesn't wear a wedding ring!  I had already decided I was going to fuck him when I discovered he was married, that's why I was so upset when I found out.  It started out as an attraction- but the attraction was so intense.  He first kissed me on the elevator and I knew he was going to but didn't stop him.  That was the start of my office affair w/ the married guy.  We work for a government contractor and he has a very high level security clereance w/ hs.
     
    
</post>


</Blog>