<Blog>



<date>06,July,2004</date>
<post>

    
       
       urlLink The Institute for Strategy and Competitiveness 
      
</post>

<date>06,July,2004</date>
<post>

    
       
       ANALISIS DEL IMPACTO DE LA INVESTIGACION Y DESARROLLO EN LA COMPETITIVIDAD DE LA EMPRESA NACIONAL   Entrega de propuesta a Comisión Fac. Cs. Ing. - UDLA Lunes 19:00 Espera de respuesta 
      
</post>


<date>06,July,2004</date>
<post>

     
      All international applicants whose native language is not English and who have not received their undergraduate education in a U.S. college or university must submit scores from one of two internationally recognized assessments of English language proficiency, the International English Language System (IELTS) or the Test of English as a Foreign Language (TOEFL). An application from an international student is considered incomplete without one of these test scores. &nbsp;&nbsp;&nbsp;&nbsp;&nbsp;&nbsp;&nbsp;&nbsp;&nbsp;&nbsp;&nbsp;&nbsp;&nbsp;&nbsp;&nbsp;  IELTS is a testing arm of the Cambridge (U.K.) University ESOL examinations and the British Council. Students who wish to demonstrate English proficiency through the IELTS test should visit their Web site,  urlLink www.ielts.org , for information about the administration of this test and how to have test results reported to Princeton in a timely fashion. Normally tests results are mailed out in two weeks from the date of the IELTS administration.  &nbsp;&nbsp;&nbsp;&nbsp;&nbsp;&nbsp;&nbsp;&nbsp;&nbsp;&nbsp;&nbsp;&nbsp;&nbsp;&nbsp;&nbsp;  Students must sign up to take the Academic Test version of IELTS. The Graduate School has set as a standard an overall band score of 7.0 on the academic version of IETLS as the minimum to be considered for admission to Princeton doctoral programs. (Note: IELTS test scores of 7.0 and above do not exempt international graduate students who accept Princeton’s offer of admission from the policy and requirements of the Graduate School’s English Language Program.)  &nbsp;&nbsp;&nbsp;&nbsp;&nbsp;&nbsp;&nbsp;&nbsp;&nbsp;&nbsp;&nbsp;&nbsp;&nbsp;&nbsp;&nbsp;  TOEFL is a test developed by the Educational Testing Service. A minimum cumulative score of 250 on the computer-based version of the test or 600 on the paper-based version is required by the Graduate School, and departments often set a higher standard. Scores that are more than two years old are not valid. 
     
    
</post>

<date>06,July,2004</date>
<post>

     
       Día: 14 de julio Lugar: Hotel Sheraton San Cristobal Hora: 8.30 a 18    Conferencias por la mañana   9 a 10: Una empresa adaptable para enfrentar los cambios 10 a 11: HP, infraestructura para Soluciones Móviles 11 a 12: ¿Cómo hacer su negocio más efectivo a través del color? 12 a 13: Cambiando de pista. La era digital en la impresión digital    Conferencias por la tarde   14 a 15: Una empresa adaptable para enfrentar los cambios 15 a 16: La revolución digital. Una visión de la industria de la impresión. 16 a 17: ¿Cómo hacer su negocio más efectivo a través del color? 17 a 18: HP, infraestructura para Soluciones Móviles   ::  urlLink ir  ::
     
    
</post>

<date>06,July,2004</date>
<post>

     
       urlLink Gmail  differs from traditional webmail services. Searching instead of filing. A free gigabyte of storage. Messages displayed in context as conversations.   So what else is new?  Gmail has many other special features that will become apparent as you use your account. You’ll find answers to most of your questions in our searchable help section, which includes a Getting Started guide. You'll find information there on such topics as:  How to use address auto-complete  Setting up filters for incoming mail  Using advanced search options You may also have noticed some text ads or related links to the right of this message. They're placed there in the same way that ads are placed alongside Google search results and, through our AdSense program, on content pages across the web. The matching of ads to content in your Gmail messages is performed entirely by computers; never by people.
     
    
</post>


<date>19,July,2004</date>
<post>

	 
      Una guía con los mejores sitios para escuchar  radio por Internet , ideal cuando se está navegando o haciendo trabajos. En los sitios de cada una estan las instrucciones para escucharlas dependiendo de tu velocidad de conexión, además del tipo de reproductor que ocupa: Winamp, Windows Media Player o Real One. &nbsp;    Live 365   y   Shoutcast   son los directorios más completos que existen con respecto a radios online. Registrarse es bastante simple y puedes acceder a una variadísima selección de estilos y géneros musicales, muy bien clasificados, además de las opciones de búsqueda propias y hacer tu lista favorita de emisoras.       urlLink www.live365.com    urlLink www.shoutcast.com     urlLink Radio Netscape &nbsp;--   Freeware  con&nbsp;175 Estaciones  --  Otros directorios: AudioReam:  urlLink http://www.audiorealm.com    Icecast Yellow Pages:  urlLink http://dir.xiph.org/cgi-bin/dir.py    IM Guide:  urlLink http://www.imnetworks.com/imguide/imguide.epl    Streamstation Network:  urlLink http://yp.radiostation.de    Online Radio Guide:  urlLink http://www.sampo.ru/~smile/radio/    Real.com Radio Guide:  urlLink http://radio.real.com/?src=rg        ALTERNATIVAS     Alt Radio:  urlLink http://www.fiendley.btinternet.co.uk    Radio Wazee:  urlLink http://www.wazee.org    Revolving Radio:  urlLink http://www.revolvingradio.net    Live X Radio:  urlLink http://www.livexradio.com    One Take Radio:  urlLink http://www.onetakerecords.de/framesradio.htm        DANCE-ELECTRÓNICA      Aquarius 7 Broadcasting Network:  urlLink http://www.a7bn.com    BigBeats:  urlLink http://bigbeats.sytes.net:81    Digitally Imported Radio:  urlLink http://www.digitallyimported.com        POP      PowerPopRadio.com:  urlLink http://www.powerpopradio.com/index.php   &nbsp;Hit Mix UK :  urlLink http://www.hitmixuk.com    WSFM:  urlLink http://web.ukonline.co.uk/simon.wakefield/wsfm/wsfm.htm    Hot 100:  urlLink http://hot100.s5.com    WOLF-FM on the Net:  urlLink http://www.wolffm.com         ROCK     &nbsp;Dark Side of the Radio:  urlLink http://www.dsotr.8m.com   &nbsp;Partytown Streaming:  urlLink http://www.partytown.com/radio.htm   &nbsp;NMFM radio:  urlLink http://www28.brinkster.com/nmfmradio    The Progressive Rock Radio Network:  urlLink http://www.progradio.net    Trippin Radio:  urlLink http://www.floydradio.hispeed.com     &nbsp;    SOUNDTRACKS, TV Y ANIME      Cinema Scape.  urlLink http://www.geocities.com/moviemusicman    Permanent Waves:  urlLink http://www.cin3ma.tv/permanent_waves    SoundtrackRadio.com:  urlLink http://www.soundtrackradio.com    StreamingSoundtracks:  urlLink http://www.streamingsoundtracks.com    Sci-Fi 2000:  urlLink http://www.scifi2k.com    Television Themes:  urlLink http://www.comicbookresources.com/resources/tvthemes    Anime in the Limelight:  urlLink http://www.limepub.com/radio.html    ANIME fm:  urlLink http://www.anime.fm   
    
</post>


</Blog>