<Blog>

<date>22,May,2004</date>
<post>

	 
      I was reflecting on the fact that I do have a fair amount of hobbies and pastimes. I collect Holly Hobbie stuff, I like to write, I sew, I knit, I crochet (but nothing that requires me to crochet circles - I can't do circles),I have developed a liking for patchwork, I like to garden, I collect Jackie annuals and magazines from the 60s, 70s and early 80s, I like to cross stitch...in fact a whole load of hobbies that make me sound like a mad old pensioner. Yet conversely I have a very technical job, involving telecomms and networking and internet related things and all kinds of weird and wonderful goings on. Therefore I am a paradox.Or is it quixotic? Or a paradigm? I think I will be all three.... And what do YOU do in your spare time?
     

    
</post>

<date>18,May,2004</date>
<post>

	 
      My first real post. I have been reading a few other diaries on here ( I'm not keen on the word "blog"  for some reason) and I have decided I am shallow. Pain? Troubles? Angst? Black backgrounds to your web page? Cheer up a bit. I get cross and depressed along with everyone else, but then I realise I am typing this on a BRAND NEW LAPTOP and I am happy again. Consumerist, socialist uber-hippy - that's me. :-)
     

    
</post>

<date>18,May,2004</date>
<post>

	 
      Well, I am now experimenting with this whole "blogging" thing, solely with the vain intention that people will want to respond LIVE to my ramblings. Lets see what happens then, shall we?
     

    
</post>

<date>18,May,2004</date>
<post>

	 
      Hello
     

    
</post>

<date>26,June,2004</date>
<post>

	 
      My central heating is still broken. Well, its half broken. Hot upstairs, cold downstairs. And I am running out of ideas. I have bled things, balanced things, tapped things with hammers and shouted at things, but the downstairs radiators will NOT get hot. To take my mind off it, I have begun my campaign of getting away from all things Microsoft on my laptop. I use Incredimail for email and Mozilla for browsing. If I can tempt my contacts away from MSN messenger and onto something else (NOT AOL messenger - I am allergic to AOL) then I will gravitate towards that. Star office is replacing MS office. All I need to do now is get very brave and install Red Hat on here. But I am not sure how it will cope with the hardware, so I may chicken out and trial run it on some old pc and see what happens. Aside from that, the bedroom is now fully new furnitured-up (apart from the bed - can't face bed building yet) and looking psychedelic as hell. I obviously think its 1966 or something.  
     

    
</post>

<date>20,June,2004</date>
<post>

	 
      Its been all work and no play this weekend chez Faery Towers. The bedroom carpet is a mixture of 70s fibre, cat hair, MY hair and general rubbish. And it had to go. I did it by myself. It took all day. I had to cut the crumbling carpet into bin bag sized bits, fill a bin bag with the bits and then chuck the bag out of the bedroom window. And then repeat this many many times.Then hoover repeatedly. The floorboards have revealed themselves to be archaic, nail riddled 1820s monoliths. I am ignoring them. Rugs are a wonderful invention. And then we went INSANE and bought a whole pile of self-assembly bedroom furniture. Half of it is UNassembled, but for the first time in my life I have a dressing table. I have always always wanted one, with a mirror and perfume bottles and velvet scarves draped about, and glass bottles and all my girly stuff strewn around and now I have one. It makes it all worth while. Oh, and the central heating has thrown a fit. Hot water is fine but only the upstairs radiators work. Typical.
     

    
</post>

<date>12,June,2004</date>
<post>

	 
      Me and junior sister in law went to see the brilliant Blondie at the Manchester Apollo on Friday night. It was all seated this time but we stood up. Debbie still dances like Dame Edna, but they were great. Clem Burke must be about 19 now, looking at him. A bit too much of the disco stuff for me, and a touch too much new stuff as well, but they always do that so I can't complain. All in all a fantastic night. I was pleased they did X Offender and Rifle Range, but one day I hope to see them do "Die Young, Stay Pretty". Lee Fox (bass player) looks like the child of Dee Dee Ramone and Charlie off Coronation Street, who is now rivalling T**d G******w for sheer selfish horribleness. At least we have reached incidence number two of soap Nirvana - first Jason chins Nick Tilsey and last night Leanne chucks a pint over him!! You can't beat it. We had a power cut on Friday night. I was all ready with the candles (we had already had a mini acoustic concert by him indoors)but then it came back on. Boooring...Power cuts aren't like they were when I was a child ( and I was a child during the super ones of the 1970s!)
     

    
</post>

<date>06,June,2004</date>
<post>

	 
      Some children of the night decided to attempt to break into Darlene (my car)on Friday night. The hero next door chased them but they got away. After breaking two windows and belting the door with a piece of 2 x 4. Now I believe in instinct - when I parked (right round the corner in a dark side street well away from my street)I thought, don't park here - something will happen. But I parked anyway, ignoring myself. And look what happened. Mr Sam and I managed to replace the windows ourselves (£15 from a scrapyard owned by Mr next door but one - great neighbours!)but I now propose death by beheading for car vandals. SLOW beheading. With a blunt knife.
     

    
</post>

<date>03,June,2004</date>
<post>

	 
      Thankyou to the kind lady that told me off about Todd Grimshaw in my previous post. Someone I am not related to has looked at this! Yep, he is being true to his own nature, yep its all down to headline-grabbing shock-script editors (I know that doesn't rhyme like shock-jock does), but I like Sarah and therefore I don't like Todd. Mind you, I don't like Gail either. Or Martin. Or Katy and her solid-state hair. Or indeed Karl. But I DO like Audrey, and Todd has upset Audrey so therefore I am upset about him all over again. Good job I don't watch any of the other soaps! Or does The Bill count as a soap? I have MAJOR opinions about people in The Bill.......
     

    
</post>

<date>02,June,2004</date>
<post>

	 
      I'm not daft. I have a brain. But I have formed an "I hate Todd Grimshaw" club. Feel free to harangue him in supermarkets. It's real you know....Poor Sarah.
     

    
</post>

<date>30,July,2004</date>
<post>

	 
      Jezebel continues to be a joy as a car. The ma in law had a go as well. I got a rise at work. Things are nice. Happy girl! 
     

    
</post>

<date>18,July,2004</date>
<post>

	 
      I have a new car. She is called Jezebel. She is a W reg Citroen Saxo and she has a yellow gear lever. And the seatbelts are different colours. Lovely lovely new car. 
     

    
</post>

<date>10,July,2004</date>
<post>

	 
      I have given up with the heating. It will stay cold downstairs. There are always jumpers anyway. Darlene has gone round the clock - I watched it happen. And now her exhaust is on its way out. And I need a new gas fire in the front room because the old one is non-functional. And I haven't got any money to repair the heating, buy a car or get a new fire. If it wasn't for bad luck, I wouldn't have no luck at all, as they saying goes. Actually its not THAT bad when you weigh it all up, and it could be worse. At least I HAVE a house to go wrong on me. At least I HAVE a car (just) that is losing its vital organs one by one. I have almost run out of things to sell on Ebay as well.  We went to see Shrek 2 last Saturday - it was ace! There were plenty of adult orientated jokes and references in it, and the kid level funny bits were just as good. Although I did want Fiona to kiss Shrek before midnight so they could both stay beautiful and not turn into ogres again. Lets be realistic about it, people. What would you rather be? Ogre or pretty princess?
     

    
</post>


</Blog>