<Blog>

<date>24,June,2004</date>
<post>

	 
      i got 2 new cd's, they're both good...check em out  crashing by falling up           & collide by skillet  uh i'm not sure if anyone even reaad these so if you do comment so i know your out there!  mood - dandy  jam out kids - derek
     

    
</post>

<date>23,June,2004</date>
<post>

	 
      ugh i left my blinds open so i got awoken to the wonderful BRIGHT sun this morning and that was not fun...ugh..i took a pic of my self last night cause i got bored and i'm gonna try and put it in here....hmmm...well i'm too lazy so i'm gonna go drum now  mood - tired  sleep in kids - derek
     

    
</post>

<date>23,June,2004</date>
<post>

	 
      today i learned that in the end no matter how much life seems like its crashing you always bounce once you hit bottom  mood - optimisitc  night kids
     

    
</post>

<date>22,June,2004</date>
<post>

	 
      I saw this in Heathers Xanga and thought it could serve some purpose of entertainment for me...here goes:   ABOUT YOU   Your full name:: Derek Alan Resmini Age:: 16 (Basically - July 13) Height:: 5' 11" Natural hair colour:: Brown? Eye colour:: Hazel Number of siblings:: 1  Glasses/contacts?:: Neither But I Need Em Piercings:: Not Anymore... Tattoos:: None Yet Braces?:: Going Three Years Strong  FAVOURITE   Colour:: Red Band:: Alot...Thirce, Sum 41, Blink 182, Likin Park, The Beautiful Mistake, Taking Back Sunday, The Early November, The Rocket Summer, Acceptance, AAF, Autopiolit Off, Falling Up, Skillet, Thousand Foot Krutch, Relient K, Pillar, P.O.D, So Many More...I Love Music Song:: Paper Tigers - Thrice Stuffed animal:: LOL This Stuffed Dog I've Had Forever Named Frost Video game:: Either Any Of The GTAs, Zeldas, Or Super Smash Bros :-D TV show:: CSI - Las Vegas Movie:: YOU GOT SERVED Book:: Huh?  I Don't Have Time To Read Food:: CHIK-FIL-A Game on a cell phone:: Frogger CD cover:: What's That? Scent:: Me!  Just Kidding...Fierce Which Is My Collonge Or VooDoo Axe Animal:: Dogs ALl The Way! Comic book:: Spider Man Cereal:: Lucky Charms Website:: Bogger.com Cartoon:: I Don't Watch Cartoons  DO YOU  Play an instrument?:: Drums And Drumline Baby!  Watch TV more than 60 hours a week?:: Never Like to sing?:: Haha Yes! (And Dance!) Have a job?:: Not Yet Have a cell phone?:: One That Trys To Kill Me Like to play sports?:: Soccer Have a boyfriend/girlfriend?:: Yes Have a crush on someone?:: Heather Schmidt (Don't Tell Anyone...) Live somewhere NOT in the united states?:: No Have more than 5 TVs in your house?:: I Guess... Have any special talents/skills?:: Well Besides Overall Greatness I Have Magnifigant Skills In Most Everything...Ecspecialy Dancing! Excercise daily?:: Pump The Iron! Like school?:: Look At My Grades...It's Self-Explainitory  CAN YOU   Sing the alphabet backwards?:: No...But I Can Dance Stand on your tip toes without wearing shoes?:: Yes Speak any other languages?:: Does Hello And Goodbye Count? Go a day without food?:: If I'm Sleeping The Whole Time :-P Stay up for more than 24 hours?:: Easily  Read music, not just tabs?:: Yes Roll your tongue?:: Yes Eat a whole pizza?:: Any Day  HAVE YOU EVER   Snuck out of the house?:: Haha Good Times... Cried to get out of trouble?:: Nope Gotten lost in your city?:: Denver - Bunches McKinney - In This Hick Town, Are You Kidding? Seen a shooting star?:: Once Been to any other countries besides the united states?:: Canada...But They're Not A REAL Country Had a serious surgery?:: Yes  Stolen something important to someone else?:: Maybe...O:-) Solved a rubiks cube?:: Don't Even Own One Gone out in public in your pajamas?:: If In By Pajamas You Mean My Boxers...Yeah Cried over a girl?:: A Couple Times... Cried over a boy?:: Only In Extrem Circumstances  Kissed a random stranger?:: I'm Not That Out Going Hugged a random stranger?:: Once Been in a fist fight?:: Haha...  Been arrested?:: Hmmmm... Done drugs?:: ....  Had alcohol?:: .....Your Making Me Feel Guilty Laughed and had milk come out of your nose?:: Sounds Painful... Pushed all the buttons on an elevator?:: Always When I Get Off Gone to school only to find you had the day off because of a holiday/etc?:: You Don't Give Me Enough Credit  Swore at your parents?:: Haven't We All? Been to warped tour?:: YES!!  Kicked a guy where it hurts?:: NOOOOOOOO Been in love?:: Yes Been close to love?:: Obviously Been to a casino?:: Yup Ran over an animal and killed it?:: Yeah (Back Off SPCA) Broken a bone?:: Almost All Gotten stitches?:: Lost Count Had a waterballoon fight in winter?:: One Of The Many Regrets I Have Drank a whole gallon of Not Mine  Bitten someone?:: No...That's Kinnky Been to disneyland/disneyworld?:: Yes More than 5 times?:: 3 Times! Been to niagra falls?:: It's Boring  Burped in someones face?:: Yuk  Gotten the chicken pox?:: Nope!  I'm Clean!   WHENS THE LAST TIME YOU   Brushed your teeth:: This Morning (Techniquly Afternoon According To Heather) Went to the bathroom:: 10 Minutes Ago Saw a movie in theaters:: This Afternoon  Read a book:: Way Back In The Day Had a snow day:: Last Year Had a party:: Awhile Ago Had a slumber party:: Uh...Never? Made fun of someone:: Thats Mean O:-) Tripped in front of someone:: I Care Not To Recall Went to the grocery store:: Yesterday Got sick:: Not For Awhile...(Knock On Wood) Cursed:: Hmm...  PICK ONE   Fruit/vegetables:: Fruit Black/white:: Black on/lights off:: Off.  TV/movie:: Movie Car/truck:: Car Body spray/lotion:: What?? Cash/check:: Cash Pillows/blankets:: Pillows Headache/stomach ache:: Headache Paint/charcoal:: Paint Chinese food/mexican food:: Mexican Food Summer/winter:: Winter Snow/rain:: Snow Fog/misty:: Fog  Rock/rap:: Rock Meat/vegetarian:: Meat Boy/girl:: What Would The World Be Without Girls? (Specificaly Heather) Chocolate/vanilla:: Chocolate Sprinkles/icing:: Icing Cake/pie:: Pie French toast/french fries:: French fries  Strawberries/blueberries:: Strawberries Ocean/swimming pool:: Ocean Hugs/kisses:: Why Not Both?  Cookies/muffins:: Cookies Wallet/pocket:: Wallet Window/door:: Door Emo/goth:: Emo Pink/purple:: I Hate Colors... Cat/dog:: DOGS!                                                                        Long sleeve/short sleeve:: Shoet Sleeve  Pants/shorts:: Shortd Winter break/spring break:: Winter break  Spring/autumn:: Autumn  Clouds/clear sky:: Clouds Moon/mars:: Moon  FRIENDSHIP   How many friends do you have?:: Enough What are their names?:: If Your One You Know Your Name  Do you have a best friend?:: Yes Have you ever liked one of your friends?:: Heather's My Friend  Do you have more guy friends or more girl friends?:: It's Even Have you ever lost a friend?:: Yes...                                                    Have you ever gone to an amusement park with a friend?:: Who Hasn't? Whats an inside joke between you and a friend?:: And I'd Like You To Meet My Gay Lover.. Have you ever gotten in a big arguement with a friend?:: Yes Whats the nicest thing youve ever done for a friend?:: Saved His Life Whats the nicest thing a friend has ever done for you?:: Saved My Life Do you miss any of your old friends?:: Not Anymore (Back Stabbbers!)  What friend have you known the longest?:: Uh...Kyle Probably Do you regret anything youve done to a friend?:: Yeah If so, what is it?:: ... How often do you spend time with your friends?:: As Much As I Can Do any of your friends drive?:: Yup Has a friend of yours ever died?:: Yeah...  Whats the dumbest thing youve done with a friend?:: Haha...Good Times Stefan... What do you think your friends think of you?:: I'm Not Physic...I Mean Yes I Am!  LOVE AND ALL THAT CRAP   Have you ever been in love?:: Yes If you have, withwho?:: Heather Are you single?:: No Are you in a relationship?:: Yes  If so, for how long?:: 8 Months 6 Days Do you believe there is someone for everyone?:: If You Want One                      What is your idea of the best date?:: One That Goes Perfect What was your first kiss like?:: Pointless How old were you when you got your first kiss?:: Movies Do you think love is a load of shit?:: No Whats the best experiance you've ever had with the opposite sex?:: Hmmm...Wouldn't YOu LIke To Know? If you are single, have you had any boyfriends/girlfriends before?:: I'm Not Single  Have you ever been dumped?:: Yeah Have you ever dumped someone?:: Yeah Whats the most sexual thing youve done with the opposite sex?:: Nosy Are We?   WORD ASSOCIATION   Slippers:: What Hat:: Wheres My Long Horn One?? Hard:: Life Free:: Food (I Wish) Space::  Pointless Taste:: Food Good charlotte:: POSERS! Red:: My Favorite Color Deep:: Ocean Heart:: Love                                                                             Cord:: What? Cheese:: Yellow Rain:: Wet Work: *Sigh* Pedal::  Bike Bed:: Sleep Fluff:: What? Hardcore:: Gofl Race:: For Nothing Knife:: Blood Jump:: Fly  SILLY STUFF   What is your favourite genre of music?:: Anthing EXCEPT COUNTRY What time is it now?:: 1:52 AM What day isit?:: Monday Whens the last time you called someone?:: 30 Minutes Ago How much money do you have right now?:: $658 Are you hungry?:: Kind Of Whatcha doin?:: Filling This Out Do you like parades?:: Pointless Do you like the moon?:: Once Again...Pointless What are you going to do when youre done with this?:: Nothing Isnt cup a funny word when you repeat it over and over?:: No.... If you could have any magical power what would it be?:: To Fly Have you ever had a picnic?:: Nope Did you ever have one of those skip-its when you were young?:: Toys? What about sock em boppers?:: Nope Are you wearing any socks right now?:: Yeah  DO YOU THINK YOU ARE   funny?:: Depends If People Are Laughing At Me Or With Me pretty?:: Haha No sarcastic?:: Yeah lazy?:: All The Time hyper?:: With The Aid Of Caffine friendly?:: Yeah evil?:: LOL No... smart?:: Nope strong?:: Incredibly Not talented?:: Yeah dorky?:: BAND NERD!  ASSOCIATE THESE WORDS WITH SOMEONE YOU KNOW (or dont know)   high:: Dont Know skip:: Dont Know dance:: Heather lonely:: Dont Know pen:: Dont Know                                                                         flower:: Dont Know psycho:: Everyone  brain freeze:: Dont Know orange::Dont Know jelly:: Dont Know  FOR OR AGAINST   suicide:: Hate It love:: For drunk drivers:: Against airplanes:: I HATE Planes war:: For canada:: Against  united states:: For  rock music:: For gay marriage:: Against  school:: For surveys:: For parents:: Against cars:: For killing:: Against britney spears:: (Stars Humming Toxic) coffee:: STARBUCKS! pants:: For  WOULD YOU EVER   Sky dive?:: Sure Play strip poker?:: Sure Run away?:: Not Again Curse at a teacher?:: A Selected Few Not take a shower for a week?:: Not Even A COuple Days Ask someone out?:: Yeah Lie to someone to make them think better of you?:: No  Visit a foreign country for more than a month?:: Yes Go scuba diving?:: Sure Write a book?:: It Would Be Pointles But Sure Become a rockstar?:: Yeah!! Have casual sex?:: No  LAST QUESTIONS   What shampoo do you use?:: Whatever My Mom Gets Me Be sexual with the opposite sex?:: Yeah What kind of computer do you have?:: eMachines What grade are you in?:: 10th Do you like to throw popcorn at people in the movies?:: No Or just make out?:: Hmm...O:-) How many posters do you have in your room?:: A Whole Wall How many cds do you have?:: Lots What time is it now?:: 2:03 AM   Haha yay finaly done that was worth some entertainment! 
     

    
</post>

<date>22,June,2004</date>
<post>

	 
      Well this is my subsitute for xanga...aren't I cool?  Mood - Uncertain  Peace Out Kids - Derek
     

    
</post>


</Blog>