<Blog>

<date>05,June,2004</date>
<post>

	 
      hey~~~!! todAY is a extRemely wonDerfuL dAy..weNt oUt toGEthER wiTh mY gf..WEnt buGIs..Took nEopRinT..gAi gAI..Ate sAkAe suShi..^^ so Fun~~ dEn afTer thAT wEnT To hER houSe..so HoT...hoT till fAce ReD siA..nOW undErsTAnd y xy ALwAys complAIn hoT hoT hoT...hahaha..saW minGmiNG(the hAmsTer i bot fOr xy)haha...veRy FunnY..hE clImb The cAGe ANd FEll DOwn..hE squeAkeD and dEn ran AwAY to Hide..loLX..afTeR thaT i ANd hEr WEnT to plAy bbAll..haha..so ShioK~!!! KEEP SCOriNG!!! hHahhHAHA..thOUgh goT some nV EvEn hiT thE Rim..buT noT bAD..kEep sCORinG..hehE...hOpe goT impRoVE The neXT timE i plAy bbAll wiTh mY fRENz..haha..dEn aFTeR thAT wEnT hoMe..hEHe..xy boT me a beaniE piG..cuTe siA..thoUGh fAce expREssion vERy guAi4 guAi4...haha..anD a paIR of ankLe soCks..juSt wad i nIDed..anD ba guA!!! hahaha..k Ba..vERy hAPpy..go do oTher stUff liAO..HAA...bYe~~!! amEn 
     

    
</post>

<date>04,June,2004</date>
<post>

	 
      hihi~~ toDAy mY gRAnDma And tWo littLe kiDs camE my House..glAd That my ma is SmilIng..got two kiDs play wiTh hER..heARd granDma fell doWn..hoPe shE's all RighT..Well..yeStErdAy wAS reAlly siAO..i pEi xiUyUn hoMe..hAppY..buT hEr suItoR cALlEd hEr..sO it kIndA huRt my fEelinGs..so wENt hOme sADlY..buT juSt wANtED to smS hEr as i TAKe thE supER loNG buS trIp hOMe..wEll..in THe enD..dun hAvE..thInk She cALLed thE guy To chAt..so im beiNG lEFt ouT firSt..heaRtbReAk..deN go HomE..my ParEnts AT hoMe lo..buT thEy dun WAn opEn the dOors..so i clImb tHe gATe and wAIted in The gARden..FOR AN HOUR.FUCk..so supER cheebYE mooDy lo yeSterdAY..bouT 940 lk tt the DOg rAN ouT of houSe..my DAd opEn dooR deN i Run in..when i go in my room..my dad come in and start saying me..den my ma come in den quarrel..fook la...make me cry....yesterday was so damn sucky..quarrel with gf also..suX..is it my pRoblEm??is it coS im irritatinG>> SUx lo...eveRYonE liKe all againsT mE..End up whEn doiNG nTh will Think bACk of such thiNGs aNd beCome supEr mooDy...so i decided le..i will try to do something..and not stay there staring and waiting for sms....well..guYs..iT lIke some kINd of sTUpid ruLe by GAls that thEy muZ WAit for thE gal sms and rePly iMMEdiaTelY whEn thEy repLY..DUH...i think i try to think positively..dun keep thinking until so negative...toDAy..i playEd baskETball whEn somE nyjC stuDEnts whOm i duNo..but its pretty fun..my team won two rounds..haha..aloT of ppLe bEi4 wo3 bluff Tio..lolx..shIok aR...i even block some pple shotS..hahaha..got pple say i play very WEll..hahaha...play till 2 plus..den i went to plaY biT of soCCer..den went Home liAo..sweAT liKE siAo..BUT FUn plaYing..haha..today my mood quiTe lightEn up ..k la..end here..so borinG..duno y xiuYun REPLyinG SO SLOWLY...ARgh...sianZ..bYE 
     

    
</post>

<date>03,June,2004</date>
<post>

	 
      HIhi~~ i juSt creATed thiS webBy.. so ANyonE whO hAs aDviCE cAn juSt commEnt on it?? thX..appREciAted It..hahA..tRY mY bEsT to upDAte It frequEnTly k.. =) 
     

    
</post>


</Blog>