<Blog>

<date>18,May,2004</date>
<post>

	 
      Heeeeheheheheeeee...tagal ko na nagsusulat ng journal ko d2 at sa tabulas di pa ako nakakapag introduce ng sarili ko... Ok... info...   dela Cruz, Charles  M. ang name ko sa tunay na buhay...  Nicknames ko-   Chuckie- e2 may pinaka maraming may alam  Chuke- mga 10 lang nagtatawag sakin nyan! Dhil sa rong text!!!  Kiel- some classmates and some friends... (kiel ...chuKIE charLes kya dpt KIELS pero sagwa kya tinawag nila akong kiel ...korny talaga...diba??? diba???)  Address- City of Malolos, Bulacan!!! PrOuD to bE!!!  biRthDay- marCh 30, 1991   sEx- MaLe of cOurse...although gardevoir is a female pokemon...hahahaha...peace  
     

    
</post>

<date>16,May,2004</date>
<post>

	 
      Hmmm...I bet many of you were thinking... what kind of parent would give such a wierd name to his/her son?! Nyahahaha...it's just a codename. ^-^  Gardevoir is a PoKeMoN!!! EEEEWWW POKEMON!!! BADUY MO TOL!!! Nyahahaha yes...a Pokemon! It's a pokemon at a size of a human...floating...it evolves from kirlia which evolves from ralts! Ralts=-->Kirlia=-->Gardevoir! Hmmm...it's rather a female pokemon...it is a female pokemon. It's a rat! DRATS! A RAT?! A rat...ralts is a small rat and so is kirlia and gardevoir... Uses the psychic element...   If you want to see the actual gardevoir...visit www.pokemon.com and scan the newest pokedex. Search for Gardevoir. Or just view my friendster. My picture there is a gardevoir. ^_^.  =------------->>>>  My codenames- newest to oldest:  Gardevoir_!? Moonlight Biscuit Inc. (i name my ragnarok shop this. MoonlghtBsctInc™) kiEL (one of my nicknames) L@r@w@n (larawan as in picture) terra-NoVa! gLaizzE (fictions) vErwaNgUe (fictions) pALLiNe (fictions)  fictions- this are drawn simply out of nothing just press a letter...add another then i use it to name things which are part of the story I was writing  since grade 2. the oldest was Knighting Veil... hehehe...I got it from Nightingale hehehe...Coming soon...as a neophyte in writing...I'll post my Fiction I call [Holy Tempest: Terra's Rebirth]...inspired by the vocabulary i got from computer games...the most influencial ones were Suikoden II, FF8, Ragnarok, err...forgot the others...hehehe
     

    
</post>

<date>16,May,2004</date>
<post>

	 
       Lst November... I won a medal for getting the 6th place in Feature Writing...so I was qualified to join the National SPC competition ^_^ i call that luck! I don't have skills in writing. Because I don't have the certificate yet for winning... we were asked to go to the school, our school in elem... Montessori School of Malolos. I'll get my certificate later...too bad we can get the reimbursment tomorrow. that's P1,200 ! $$$ more money to spend for everything ^_^
     

    
</post>

<date>14,May,2004</date>
<post>

	 
      Hmm...today... I saw a lot of things that I may add to my blog... hmmm... im filled w/ enthusiasm but I coud not do it the right way... too hard... I can't understand...^_^ but it's alright!   I made my thief character today!!! Thought it could use Play Dead 4ever!!! I was in the Archer Village of Sarah then showed the Play Dead-using archer performing Play Dead... Many people were laughing... hehehehe...it is funny...but when I died...he came back automatically to the culvert dungeon kafra....w/o the Play Dead skill... I have a lot of screenshots there...nice ^_^
     

    
</post>

<date>13,May,2004</date>
<post>

	 
       FInally... my own guestbook! Pls sign.  urlLink  
     

    
</post>

<date>13,May,2004</date>
<post>

	 
       urlLink    Use this link to join my Yahoo group...as of today...there are 28 members.   ~~~ i would like to thank---- bear!!! thanks 4 ur help
     

    
</post>

<date>13,May,2004</date>
<post>

	 
       I woke up 6:43 AM...woke up by my cellphone in the alarm "Hey Ya". My mom will leave the house...she'll stay on Cebu for their reunion! Cebu? Yes. Im not ashamed if my mother is a Visayan. Anyway... I'm not one...I'm a bulakenyo!!   So I ate my breakfast... fresh scrambled eggs... honey glazed ham (glad there still is ham on the market!)...fried rice w/ corn cooked on butter and carrots + greenpeas. (hmmm...our housemaid sure cooks good!). Then...I took a shower...a cool shower. I dressed up in my black accel shirt w/ a hood and got ready to go to the airport with our car.  I'll miss my mom!   ~~~~~  We got home ... gosh it is hot... my black shirt w/ hood fits rainy seasons! Not summer.  We had our lunch... Sinigang sa Baka...and grilled porkchops. And cool mango shake.  ~~~~~  After lunch...went to the computer shop...scanned the ragnaboards...yey...a link to GM-Yukino's blog. I entered the chatroom...and met him. He's such a kind guy! ^_^  I viewed his links...saw Chaos' blog! And saw the link to blogger.com. Nice! I saved the link... played ragnarok! I pity my thief who lost his poring hat in a scam...   Later... I got tired playing...so I went to change my avatar! Now a thief avatar! I made my Laibcoms account... then placed a Goblin avatar. I visited our yahoo goup...  groups.yahoo.com/ragnaboarders !!!! join if you are a ragnaboarder in pRO 's ragnaboards.  Ill be inviting GM's to that group...hope they join...  I checked out thius link...made my blog...made my 1st posts...and now working on this... ugh...i have not eaten my supper yet!! (i remember those NSPC Days...sometimes I dont eat lunch cause they are the foods that I hate! Hi gcel & russel & t.ann!! hi fhelanie,trixie, junibel, jovytte, jelly!!! It is cHukE hir!)   ~~~~thanks for reading!   
     

    
</post>

<date>13,May,2004</date>
<post>

	 
      Thankyou blogger! I am happy there are sites like these who give away free blogs...
     

    
</post>

<date>13,May,2004</date>
<post>

	 
      *yesss*  On my age as a 13 yo.... i made my own blog! *jumps in joy* HmM...Im making my journal here!  Heey! This thing is for free... you can make your own!   Signed  Gardevoir  May 13, 2004 8:30 pm
     

    
</post>


</Blog>