<Blog>

<date>13,July,2004</date>
<post>

	 
      This is da other cuter guy i was talkin about&nbsp; urlLink     urlLink   
     

    
</post>

<date>11,July,2004</date>
<post>

	 
              Hello ppl today i shall write individual letters first im'm goin to write to moi sister : Hello Che Che i noe da title was missing 1 name your fav. BRAD PITT so i shall add it in now :P happy hehe ok today very boring sia um... i geuss thats all i have to sae to ya :P hehebuh biz.................NEXT ROZAN................................... : Heyaz Fozan Rozan Mozan Pozan haha lol just jk jk anyway remember "SNORTINGNESS" hahahhahahahahahhahahahhaha lol anyway Christen today really like got P.M.S :P she suddenly happy then angry then happy then angry.......anyway if  read this leave a  comment ok :P                                                                       From: §@r@H......... 
     

    
</post>

<date>11,July,2004</date>
<post>

	 
      sThis is the other guy i wanted to show you guyz anyway his name is JasonHsu Meng Zhe ahhhhhhhh...........!!!!!!!!!!!!! SO CUTE RIGHT, YA I NOE :P I'll show u other photo's later now goin to update me BLOGGY&nbsp; urlLink     urlLink   
     

    
</post>

<date>11,July,2004</date>
<post>

	 
          Hiya im back lol anyway i fell soo bored today arggg!!!! i have nufin much to write so sighnin of but..... isn't PAN WEI BO SO CUTE AHHHHHhhhhhhhHhhhhhhhhh!!!!!!! i'll show u a cuter person later :P
     

    
</post>

<date>10,July,2004</date>
<post>

	 
      PAN WEI BO AINT HE CUTE :P!!!!!!!&nbsp; urlLink     urlLink   
     

    
</post>

<date>10,July,2004</date>
<post>

	 
                   hey rozan wazup lol like da title haha :P i am freakiin bored anyway thx for reading IM BORED LIFE ISH BORIN im playin www.habbohotel.com now so borin but its quit fun smthimes lol !!!! meet lots of ppl dere other good websites r hm..... let me think o i remember funny/disgustin websites : www.happytreefriends.com/  www.newgrounds.com spooky websites: www.sfogs.com childish:www.neopets.com[no offence] jokes/ecards: www.oofun.com www.sendingfun.com music:www.mtv.com others:www.shockwave.com                                            Have fun :P sighnin off
     

    
</post>

<date>09,July,2004</date>
<post>

	 
      Innocent Kiss&nbsp; urlLink     urlLink     I thaught this pic was cute so yar lol :D  anyway have fun readin..... 
     

    
</post>

<date>09,July,2004</date>
<post>

	 
                           Good mornin welcome to moi bloggy once again i need help in makin tis blog nicer so if u read this blog and u noe how to make a very very nice blog please tell i'll chat later i got to do smthin now Cyaz ppl                                                        
     

    
</post>

<date>09,July,2004</date>
<post>

	 
                 Dont really noe wat to rite first time having a blog haha im so blur if anyone actually reads tis i'll be SUPER suprised haha i seriously have nothing betta to do i shall talk about about mi school haha :P any way today started BORING in da morning my head felt like it was goin to drop off lol but had to DRAG miself to school,finally in a long time Mr.Lee my maths teacher didnt embaress me :S after that there was a long period of H.i.s.t.o.r.y , C.h.i.n.e.s.e , E.n.g.l.i.s.h & and finally got to moi fav. subject Home ec. hehe :Di cooked 2 burgers with moi patner and accidentally burnt mi face nothin big a few SPLATS of oil lol then when i came home Blah Blah Blah lol its kinda very boring i noe but dont worry it will get more exciting soon lol      Goin to listen to music,surf net or sleep already 11.45pm But...tomolo got no school haha buh biz... ... ...
     

    
</post>

<date>15,August,2004</date>
<post>

	 
      This is ashlee simpson if most of u dont noe :P&nbsp; urlLink     urlLink   
     

    
</post>


</Blog>