<Blog>

<date>28,June,2004</date>
<post>

	 
      howdies ya'llZ..long tyme no blog ((hehe i crakes myself up all zee tyme)) woah bananerZ i keep havin these cray-zee dreams, yucks! no postee tho, mite offend sum peepoles..shh! in other news>>        i luvs my jason vry vry bunches!!! wow hottie ur soo coo n all..yepPerZ! n  my jukboX , heh u hot stuf! i misses u lots 2 chica! as 4 all u other folkies ((cept rach u rock my pink apple sox!)) where ever u may b..where ever tha wind blows..dont lose ur 2cents..cuz ima find ya..  
     

    
</post>

<date>20,June,2004</date>
<post>

	 
      its sundae!! yay..*cough* i had a horrible dae, i could rant about it n send u guys in2 my pity..but i wont! im really bummed out n sleepy, i could sleep, or drink a redbull..mayb sum starbux..yeah i lyk it! but none got brotha, mayb i lil hyper, mayb..hmm curious yet!? me2..i wonder about i sumtymes, but dont we all ;)!! newho i totally miss my biatches n my seksee studdd thats wat sundaes do 2 ya, i tell u wat guys..dont buy it..all it does is mush u up in2 a bible hugging weirdo..((tehe)) 
     

    
</post>

<date>18,June,2004</date>
<post>

	 
      sitting hur wonderin wat 2 post..welp..its 11:20pm do u kno where ur peanut butters at?! im wonderin wheres my pOokie at..(ha) i can anser that myself..not here! n it sux lyk a monkey on crack.. well i'll tell u bouts my dae..it started around so-N-so tym wen tha fone rang..12 sumthin i imagine..hmm..heh i spent most of it at the mall..3 hours..met up wit sum of my bread-slices..it was pretty jiffy!  but im a lil slEepy-n-tiRed..so this is tha one-n-onLy 1st post of this generation 2 b..cuZ im takin ovA!! :)
     

    
</post>

<date>16,July,2004</date>
<post>

	 
      these hav got 2 b tha worst 2 daes of my life..ever! n hurs y:   thursdae :  mom gets in a car wreck VERY lucky 2 b alive!! 
</post>

<date>09,July,2004</date>
<post>

	 
      Hey peEps!! i luvs u allZ so muChiZLes..i had a niTemARe!! 2wice n a diZzLe..ahh it suX..but i laFf about tha biZzLes now haHA!! loTs of bdAes went bY so HAPpY bdAeZ..u shouLd knO who u R!   neWho thiS is 2  JUKiE :                                        hey new p.i.m.p.e.t.t.e use ur new job well my graSshoPpeR..remember the anser is within  U  i've taught u well..so im handing the reigns over stEer clear the path of distruction..((after all u R a church-grL..lol)) cuZ i've found my hoTtneSs :) and stop pressuring me no more strEeT corners!! gish!!(jk mwahaha)) i luvs ya munsTa!!             okie dokie pokie pookie shmookie--                                               im not a hater..but if theres 1 person i do not lyk..gRr no names but if ur smart M.B u'll nvr even  think  my name again..cuz im gonna set ur dog on fire mwaha! (jk)) but dont doubt me biatch cuz ur icky..       n this is 2 my sweetness  jason  :                                                        i luvs u vry vry bunches n im glad i opened up 2 u on tha foNe i've nva said that 2 nebody EvEr but im glad u listened...n i keep my promises!! no more slice-N-dice! i luvs u!!  
     

    
</post>

<date>08,August,2004</date>
<post>

	 
        sry..nvr got my email so screw it!  
</post>

<date>02,August,2004</date>
<post>

	 
       heya guys im bored..
</post>


</Blog>