<Blog>

<date>02,November,2002</date>
<post>

	 
      the time says its 12.36 and we were supposed to have an early night. But are we? are we? are we? Haha. Iatah kan ngambil 6.30 bus ke market ni? bangun pun inda seorang tu karang. Hehe. 8.30 pun alum tantu bangun. Semua masih bangun brabis aniwah. Meliat Silence of the Lambs keriak2.. Kan meliat The Ring d movie yang 'now showing'.. hehehehe. kana timbak oleh semua org sal bising. Anyways, i dont really know what else to say. Its getting lateeeee. And Im 'blisfully happy' Hehe. Dont ask me why. Yang tahu atu tahu. Yang inda tahu ..terkarang kamu inda tahu. Haha. Awubahh.. Pasal inda batah lagi balik. Hehehe. *iski*  Emmmm..bah kamu.. blajar tah kuat2. Lapastu balik raya. Makan...Lapastu complain lagi sal lampuh!! Hehe.  Selamat Malam. Moga kamu bermimpi yang indah. *antam* *kisses*
     
    
</post>

<date>01,November,2002</date>
<post>

	 
      cintailah diri ku.. sayangilah diri ku.. bagiku kau lah segalanya.. peluk erat diri ku.. dekap mesra diriku.. ku ingin kita hidup berdua.. slamanya~~~ cinta ku.. cinta pertama.. tiada dapat terhapus waktu.. meskipun byk yg datang.. namun hati tak goyang kerna cobaan... ku rasa hanya dirimu sayang.. yg dapat buat ku bahagia~~~ *sigh... alangkah bless nya* *smile* *sigh*
     
    
</post>

<date>01,November,2002</date>
<post>

	 
      Heloooooo..... Currently d blek Inul online chatting wif a couple of people.. hehehe *smile*.. Apa ada ceta ah for today.. Hmm.. woke up, cooked lunch.. den mandi n bawa me cuzzies jalan2 k city.. heheh but then kadai tutup so kami lepak d starbucks saja... Boring eh.. I'm currently going thru dis phase... hahaha but ntah apa kah namanya phase anie.. capi bah c reda anie.. anyways i'm out of ideas now.. krg tah lagi bercerita.. kinda brain dead.. plus ingau kan uni werk.. urgghhh.. 
     
    
</post>

<date>01,November,2002</date>
<post>

	 
      Bless jua dis post thingie..hehehehe.. ~never wanna see u again~heheh jiwang punya pasal!!! anyways, ka dah disini mesti jua pakai code names kah? i mean, mesti the admin person invite kan or what? hehehehe.. sebabnya mesti jua tau, in case karang blunt and dat person is in this thingie..inda chali tuuuu.. :) anyways, im just talking crap pasal i have absolutely nothin to say but aku mau taip saja and menyamak hehehehehe.. oh yes! i know kamu semua inda interested but tadi aku clean my house and bersih now.. hehehee.. and sekali i watched the steve irwin punya cerita about the snakes! gila! so scary but interesting..hehehehe.. macam u can see the snake punya venom ia spit arahnya!! ewww..hehehe.. catch ya later lagi.. :)
     
    
</post>

<date>01,November,2002</date>
<post>

	 
      Sweet sweet sweet. Heloo babes. Hehe. Boleh lagi makan sari muka sama kambing bercerita!! Haha. Mun membari inda ngapa. Haha. Nadawah. Hang on, sari muka ani kuih yang hijau and bernasi atukan tu? Correct me if Im wrong. Haha. Im in the library now. Got to print some notes (barutah sibukkan memprint notes!!) and photocopy textbook. Haha. OOh, and Im soo proud of myself sal im 'travelling light' today. No phones, no wallet, no lip balm, no contacts drop... books & pens saja. And yeah, keys sama photocopy card. Haha. Takut distracted. Computer ani distraction pulang but then..taking a break bah. Haha. Shiuk eh ani. Active active eh. Keep everyone posted over the exam period and summer break. Hmm, I dont know if you guys can invite others to join posting messages. If dapat, do invite 'yang berkenan' saja. If inda dapat but ada yang kan diinvite.. let me know. I still dont really know how to work out this thing. Rupanya, orang lain dapat baca this. Haha. Fikir tani saja. Oh well. If kan ngucapkan orang.. use the codenames!! Hehe. Bless, Manis, Yummy, Polis, etc. Hahaha. Am goign to try add a chatterbox to the page if dapat, for others to ikut bercerita.  Laters noww~
     
    
</post>

<date>01,November,2002</date>
<post>

	 
      Goooodddd Morrnniiinngggg Seeemmuuaaaaaaaaaaa~ Hmmm....what to do today?! The whole house is still asleeep.... Akhir tdur bah last nite. Aku bored...Malas to study and to start on my assignment. Eeerrr, i think thats all i have to say. Will be back when i have something interesting to blurt out. Toooooddddlllleeeesssss
     
    
</post>

<date>01,November,2002</date>
<post>

	 
      Ahhh....mesti takan post nii..hehe i thot takan yang publish atu. Lahh payah eh. Zaman IT ani ah... Bagi paning saja kepala. hehehe.. Aku baru makan breakfasttt!! Tapi bukan macam si Shamai lah kari kambang. Too malas to cook. Croissant saja. hehe.. heyyy... Lagu tribute just came on TV. ...~Or I'll eat your soulsss...  Si Inul kambang makan kuih sari muka. Inda lagi share share tu. hehe.. biarkan tia. Mesti diet masa ani. haha..  ~This is tributeeee~ Hari ani macam kan hujan usulnya. Baik lah inda panas brabis like yesterday gila ehh... Bah mandi ku dulu ah. Happy studying to u all~!
     
    
</post>

<date>01,November,2002</date>
<post>

	 
      Lah c Inul, kan makan atu, makan lah, jan buat urg jealous hehe Aku masak kari kambinggg heheh yes, remind you guys of anyone we know? haha Wahhhhhhhh aku takut lah exam,. aku inda mau exam, aku mau balik saja, ko mau balik Dah, hehe c huaida mau nie balik heheheheh eh bah eh hangus krg kambing ku, latersssss peepssss! 
     
    
</post>

<date>01,November,2002</date>
<post>

	 
      btw... kami makan kueh SARI MUKA!!! hehehehe *winkz* Sempat lagi tu eh
     
    
</post>

<date>01,November,2002</date>
<post>

	 
      testing testing... lahhhh tadi i wrote sumthing which was like 5 paragraphs but mcm i forgot to post it.. mcm sumthing didnt work.. neways am too tired now to type it all again.. plus i cant remember wat i sed.. gimme a break its like 3.45am!! hehehe bah eh nyte nytes
     
    
</post>

<date>01,November,2002</date>
<post>

	 
      oits kamu kamu (esp. Shamai). ...i just ate kuih sari muka!! hehehe nyaman!! Baru disabut dother day ada tia...hehe
     
    
</post>

<date>01,November,2002</date>
<post>

	 
      hehehe.. its almost 3 and im awake berabis..my perut is making noises but im trying to ignore it..ngaleh lah! :)
     
    
</post>

<date>01,November,2002</date>
<post>

	 
      ok tu.....mana saja......suka hati.....whatever..... h3heheheh....
     
    
</post>

<date>01,November,2002</date>
<post>

	 
      ok tu.....mana saja......suka hati.....whatever..... h3heheheh....
     
    
</post>

<date>01,November,2002</date>
<post>

	 
      Heys babes :)  Am just trying this out. Its not like circles99. Inda dapat simpan gambar. We can use this to bitch bitch bitch. Hahaha. And buang boring over the hols and see what everyone's up to ;) 3 looooong months without constant bickering amongst us will be so so quiet tu eh!! So peeps. If you want to join the bitching session..lemme know :p
     
    
</post>

<date>09,November,2002</date>
<post>

	 
      selamat pagi semua!! Aku mau makan the cookies and cream ice cream now..paloi kan... Anyway, i just wanna kno cana kan cuci my seluar brown atu. It says to handwash in cold water tapi aku malas hand wash! Can I just cuci machine cold? Shrink kah tu?  Di brunei ada that kurma covered in chocolate kan? hehe...cuba ah balik ke brunei ani.. hehe bah aku mop lantai ku dulu and then blajar =P.  btw, the ring di malam siukkkk! Tapi lagi siuk kalau arah bilik huaida tu semua orang sampit2. hehehe.. 
     
    
</post>

<date>08,November,2002</date>
<post>

	 
      And we're off to watch The Ring. Sel, jgn bawa luggage mu. Hehe. Bawa earplugs cos Reda's coming. And siapa yang ada blanket RBA.. Bawa also!! Hehe. Jgn tidur, Makan pfortjes (of whatever its called!!) and bali a tub of sara lee's cookies & cream each later. Keluar movie, parut basar!!! Alrites then lovely people. Siapa kan dgnkan aku tdur d rumah krg? Hehehehehe. 
     
    
</post>

<date>07,November,2002</date>
<post>

	 
      nada gambar baru arah circles 99?? yeups tani liat the ring!!! BWOH! 
     
    
</post>

<date>07,November,2002</date>
<post>

	 
      barangkali semua urang sibuk todae.. nada banyak urang 'blog' the place up..hehe..what the? anyways, todae has been a lazy day so far..bangun awal kan menyambut urang mengusai jamban at 7ish.. laaaaa... im still yawning pasal dat.. hehee..im bored berabis sampai me and amal ikut the trivia..just for kicks... hahahhha.. and my team actually won! laaaa...  bah eh.. nada lagi kan di update.. c ya karang.. :) tanie jalan kah tonite?
     
    
</post>

<date>07,November,2002</date>
<post>

	 
      Wassapppp everyone!! Aku d library sudah lah hehe i'm trying to get as much done as possible today (yeah, wishful thinking). Banar, ngalih ku sudah belajar, aku mau balik!!! n aku mau exam ku habis!! n i want good food, sick n tired of cooking for myself!! inda nyaman bah! bah eh, i dunno mun kamu ke uni or not, but i will undoubtedly see you all later hehe  
     
    
</post>

<date>07,November,2002</date>
<post>

	 
      hehehhee... everyone reality check kah last nite? aku berabis miss home last nite especially when i called my house and bising pasal ramai urang and people sibuk with terawih and stuff... ~bless~ and YES! the 6 way fone ting last nite siuk berabis, tapi gila.. i couldnt think and listen to u people at the same time ahh..sudahtah seorang dengan suaranya and sekejap2 ketawa2 lagi tuu..hehehe.. ka dah, u like my pantun? ehehe.. i made dat up saja2.. cause i was so bored and sepatutnya belajar but hehehhe.. anie aku baru sampai di uni and masa lintas tanja's tadi, i didnt look arah sana cause manatau ia ada and karang ia fikir aku stalk ia..!! laaa... anyways, since then aku paranoid sebab kalau ada ia.. hehehe..oh! well.. tadi i went to toowong and sekalinya me and wanah ke foodcourt.. i seriously wanted to makan mc donalds tadi sebab my anti masih ada.. tapi masih jua ku takut.. karang ada urang tangkap pasal me makan.. and sini cia lagi.. kalau yang menangkap atu arab.. bukan lagi kena fine.. kena putung cia lidah ku kali..hehehehhee..alrite then! havta study peeps.. ciao darls! :)
     
    
</post>

<date>06,November,2002</date>
<post>

	 
      Good morning peoplee! Paloi kan aku awal ke library today. Sebenarnya malas brabis ku wah. Planning kan blajar saja di rumah. But theennn... Ada that photo shoot thing and aku akhir bangunn! Automatic bah sudah kalau alarm berbunyi, tutup tarus and then tidur. Useless banar! Baik kalau ada alarm yang tarus memperancit aying ke muka. hehehe... Anyway, awkward eh tadi photo shoot ahhh! Ia suruh aku duduk lagi tu baik jua she gambar muka saja kalau inda parut ku pun nampak kali. heheheh caliii...  I'm at the chem and phys library by the way and inda brapa packed. Jadi atau inda ke indooroo karang? Aku pun reality check last nite. *sighhh* Brabis holiday mood bah sudah iatah inda mau blajar.. hehehe.. Bah I probably should blajar now... *grumble*
     
    
</post>

<date>06,November,2002</date>
<post>

	 
      Wassappp everyone heheh Dah, aku lagi awal ke uni, pakal ganya jauh bah uni ku anie, mun inda aku dulu mengatuk nie library ah, kes alum buka hahaha, anyways i'm here to pick up my assignment (fingers-crossed hehe) and i need to use the 2 hour loan book jua. Buleh lagi nada ur di computer lab anie, aku ganya sorang, eh nah ada tia dua urg masuk, bising lagi tu,diam wah! hehe Lah, d malam aku inda sahur lah, aku malas bangun, n yesterday aku makan masa sungkai saja, mun ku pengsan krg inda cali nie hehe Bah eh melarat, the earlier aku start belajar, lagi awal ku balik hehe Later u all ~ 
     
    
</post>

<date>06,November,2002</date>
<post>

	 
      Selamat Pagi Semua!! Hahaha. Boleh lagi aku di library udah. yesterday aku reality check- banyak lagi kan ku blajar and yet satu subject pun alum ku abis. Urgh. Sakit hati. Mesti plan and actually ikut ni!! Aku homesick brabis lah. Sigh. I miss my parents, my family, good food for sungkai, kana marah sal banyak excuse kan skip terawih & tedarus and jalan2. And maybe, just maybe, I miss that someone back home. Haha. Nadalah. I just miss the real puasa environment.  I dont know with you guys but kalau puasa d Brunei, slalu ada this eerie feeling that someone's watching. It freaksme out all the time especially kalau bangun sahur (yang ajrang sekali dalam dunia. haha) and macam sunyi berabis. Usually I expect ada something arah doorway or arah corner or when you masuk bilik.. watching or smiling. Entah ah. Its scary shit but then it is puasa,usually good things happen :) Emm, apa lagi banar ah? The 6-way chat thing last night was absolutely coolness (antam!!) Although payah kan dengar everyone at the same time. Keriak2 aniwah!! Sanang berbitch fest. Haha. Baik saja malam, mun siang.. inda pedah berpuasa. Haha. Hmm, Jats, bisai your pantun ah!! Nyaman ku ketawa. Betul betul, manyak betul. Haha.  Bah Mal, bila kami BBQ rumah mu? Hehe. Pakai your abang's new toy.  Actually, Im out of htings to say and aku ngalih berdiri typing ani. Haha.  Lots of love. *blajar, jgn inda blajar*
     
    
</post>

<date>06,November,2002</date>
<post>

	 
      awuehhhhhhhhhhhhhhh.............i called inul but it started with huaida who called izati who called shamai huaida called amal who called me and i called inul..... as well as reda, abby and others yg nda pandai jawab fon!! bule lagi aku ngajar kamu angkat telefon??? just pick up the fon handle if u r using a house fon that is when it is ringing and then say "hello?"... sudah tu if mobile ringing press the green button or press yes when it asks to answer or not! LAAAAAAAAA~~~~~~ oh ya..... went to david jones tadi .. bought myself a pair of slippers.. DKNY 30 bucks saja.... kirakan check out the new kadai depan embassy but inda sempat....and i paid my bill to brisbane council...gilaaaa... and then i asked them kalau aku nada sini cana kan bayar...i had to pay in advance 300 yo!! habis duit ku trus..... bayar bill letrik, gas, telstra lagi...paksa bayar in advance jua tu......... buat kusut....i also went to myers....aku jumpa multi purpose bag for amal ....lawaaaa....its diesel...rugged laaa.... its like 100 or 200 something.....kira kan beli my bro baju but nada yg terkena hati..... cian ia ahhh..last time aku balik ia nda dapat apapa...hehehhehe...baik jua kami understanding..... or hes just blurred.... neways.... kan makan maggi kari ku dulu and then tidur and laters bangun sahur makan lagi......hehe.....bah....SELAMAT BERPUASA EVRYONE! NITE!
     
    
</post>

<date>05,November,2002</date>
<post>

	 
      kamuuuu.....issit berdosa kah kalau kami puasa ikut brunei sini padahal orang masjid sini sudah suruh start on thursday? Lain rasa ku tarus si arnie bagitau ani. She said orang malaysia di foundation pun tarus sungkai. Paning ku ehh...  Btw..tadi siuk 6 people conference call ah. hehehe.. jobless jobless...
     
    
</post>

<date>05,November,2002</date>
<post>

	 
      Astaginagiiii...hehehe awu jats puasa ku full ni masih.hehe.. Di library masa ani and boleh lagi aku turun kan pakai computer cos I am soooo boreddd... The Exam fairy balum lagi slap me in the face so aku balum lagi mau concentrate banar2. Sasak kuu ehhhh...  Anyway, rupanya Brisbane inda nampak bulan so the arabs inda puasa today. But then melbourne nampak i heard. Aku jumpa si papady tadi and ia pun inda puasa. blah blah aku inda mau blajarrr. So jaditah besok ani? Eh I also heard yang arah the BSS invitation atu it was supposed to say "sedekah" and not potluck. There will be food there even if kalau inda bawa apa2. And kan sembahyang terawih also.  5.00 -5.30 = orang datang 5.30 till sungkai = doa selamat  Btw....menunya for that night = ayam masak merah si papady and someone else masak. hehehe...  Di library booriinggg.... My bro and durang semua pun blajar today. Even si Ex-bf ada. hehehe..  Aku inda mau naik lagiii.. I wanna baliiikk... So far.. I've been here for..2 hours sudah. Batah juaa.. *sigh* bah naik ku lah dulu..
     
    
</post>

<date>05,November,2002</date>
<post>

	 
      hehehehe. ka dah,i'd be really shocked if he aga and tanya kenapa inda contact him? when i think about it, malu berabis eh.. but as u said, 3 minggu lagi.. anyways, todae has been a not so good day.. aku kusut and i seriously dunno what to do... kan sembahyang, puasa...inda dapat..masih anti ku belum balik, so havta wait...hope u guys masih full puasa in terms of belum mengumpat and everything...kalau kan melagau sungkai atu manasaja... hehehe.. and to amal, sorry eh aku inda ku uni todae.. i was about to go sekali i went online and then melarat cia.. :) hehehe...   before i go.. ill leave u guys with a serangkap pantun... pergi ke city lumpat-lumpat,  sudahtah melumpat, ekesn bergaya,  jangantah kan belabih mengumpat,  karang inda kamu beraya!  hehehehe... 
     
    
</post>

<date>05,November,2002</date>
<post>

	 
      hello allll... aku kanyang BRABIS....my bro tadi baru bali his new toy (electric grill hehehe...) so tadi kami makan ayam bbq. My parut labuuu! hehe... syukur alhamdulillah rub for good luck. Anyway, aku currently sedang meng-iron baju and after this bersihkan the mess my brother made in the living room from all that grilling. baik ah...ia siuk2 masak aku yang stuck bersihkan. ok tu... malam ani harum ni my apartment from the "pot pourri". Bah agatah blajar u all. Good luck and all the best dan selamat berpuasa. =P~  Nuuu te-llaaaaa~! hehehhehe 
     
    
</post>

<date>04,November,2002</date>
<post>

	 
      Astaaa. Malu terpulang Jats. Okay jua tu ;) Kan bisai kalau we went up and asked for his 411 tadi. Apa jua tinggal 3 weeks d Briz. Moga2 saja ia inda ingat next semester. Skalinya he does remember and menagih lagitu sal you didnt actually contact him. BOH!! Bless~ Hehe  Parut ku sakit kekanyangan lah. Banyak banar roast beefnya tadi. Nyaman lagitu. Hehe. Ubi manisnya nyaman. Adakah palui ada that stupid dog. Tergendala makan, terpaksa pulang pindah. Banyakjua laki ni karang. Haha. Confident kahwin. Eh, confident eh, jangan inda.  Si Reda hasil tadi. Cakap sama si matahari. Bisai si Reda atu. Handal!! Haha. Surprisingly ia sempurna sikit usulnya today. And mana gfnya? Boh!! Hahahaha.   Hmm, apa lagi ah? Atu tah kali dulu for now. Kepada kaum muslimin dan muslimat sekalian- Selamat Menyambut Kedatang Bulan Ramadhan dan Selamat Berpuasa.  Yang berbaik hati kan melagau sungkai atu, sila2kan eh. Haha. Roti john, kebab, burger, nasi ayam, nasi lemak, kuih malaya, hati buyah, pais daging, ikan salai, ayam salai... apalagi? Gila, lain2an jua makanan utk berbuka puasa d Brunei atu sebenarnya ah.. Eh lupa satu.. TUNGKING AYAM!! Haha. Selamat Puasa babe~ ;)
     
    
</post>

<date>04,November,2002</date>
<post>

	 
      arggghhhhhh........ beri malu semalu2 nya ku!! tapi bless jua sebab ada si 'dia' tadi and the fact that some people who will remain nameless actually pusing and liat ia sampai ketara ah!! ish ish ish! im like malu berabis rite now.. ia tahu sudah ah!!! malu ehhh.. but oh well.. inda jua selalu nampak tuu.. jadi inda apa2 lah... eh! mati eh.. merah my face.. eehee.. okai, atu saja peeps.. hehee.. 
     
    
</post>

<date>04,November,2002</date>
<post>

	 
      Adeh Da, ber baldi baldi segala hehe awuuu aku pun stress, bukan nya apa, aku exam next week, balik next week, rent kan d bayar next week, kan shopping next week, kan packing next week, kan segala gala next week, cemana kan tu??!! baik tah jangan d pikirkan ah, anyways happy studying all n selamat berpuasa! 
     
    
</post>

<date>04,November,2002</date>
<post>

	 
      aku sedih brabis kan nangis ber baldi baldi.. bukan plang apa.. xam dekat ah hehehe... anyways i gotta go sambung my assingment now.. cerrios now peeps.. laterz
     
    
</post>

<date>03,November,2002</date>
<post>

	 
      Aluuu all~ hee Mal, inda terbangun ahh, don't blame ya, aku pun payah kan bangun ah, inul ketinggalan bus hehe luan bergagas pasang contact lens, terkeluar pulang nah! Anyways, apart from the fact that mengantuk berabis d market, it was fun! inda berapa panas, n yup mal, ada bakul sapit kami nampak tadi, beg nya pun lawa2, iatah ada urg shopping tadi hehe aku sasak phone line ku crap, no ringing tone and d telephone engage! Telstra's no help at all, esuk baru tah drg kan check, paksa tah pakai inul punya phone line! bah peeps, esuk start swat vac, mesti rajin ke uni, coz kami ramai tu d uni hehe bah eh melarat, laters all, have a good day 2morrow! ciao! 
     
    
</post>

<date>03,November,2002</date>
<post>

	 
      aku bored rite now.. dats all i can say.. todae was kinda a good day.. hehe.. tadi kami ke market sekali this person jual roses bagi aku rose for free..hehehe.. ~bless ahh.. but kami ke chinatown sama ke woolies lagi tu after dat, so how weird was i..walking with a rose in one hand and trying to bawa all my other stuff in the other hand..hehee..  oh well! i know this sounds weird and macam overshare but i get the feeling that aku kan pms sekejap lagi..laaaa..hehe..baik jua balik dari sebelah, kalau inda... hehehehe.. 
     
    
</post>

<date>03,November,2002</date>
<post>

	 
      Aku boredddd....well not really...saja kan say that.. hehe.. it's not like I dont have anything to do. Boleh lagi tadi aku inda terbangun. Paloi eh and iski sudah tu ke market. Which reminds me, ada bakul sapit kah tadi kamu ke sana?hehehe... Just wondering.  How long have I been online sudah...dari kul 1 satu tadi and it's 3.17 sudah. Paloi kan planning kan blajar today. But ok tu.. malam slalu hyper... karang malam saja blajar. *hehe* Ada ally mcbeal laterr!! And I'm still stuck answering these testimonial questions. Wat IS my significant impression of UQ now? Malas ku ehh kan menjawab. anyways, happy studying ah to you all. And selamat berpuasa to those yang berpuasa today. hehee.. byeeeess
     
    
</post>

<date>03,November,2002</date>
<post>

	 
      Hello dear frens.. mcm aku saja sorang yang bibiran hari anie hehehe.. its fast approaching 3am now n decided to write in before i head off to bed.. krg mesti start fresh eh ehhehe get all my werk done baru tah belabeh kan haf fun.. habiskan xam dulu baru tah kan bergila.. ani udah pun xam alom start.. assignment lagi balom siap udah tah kan memandai enjoy.. tsk tsk tsk apalaaa... neways i'm kinda missin sumone ryte now hehehe.. laaa.. *sigh*.. neways baik tah tidur dulu hehehe krg nda ber energy utak kan membuat assingment... hehe alrite den.. nyte nyte peeps.. take care n good luck... *to the one i miss, adakah kamu merasakan apa yang ku rasakan?.. hehehe apakanz.. * *smile* 
     
    
</post>

<date>16,November,2002</date>
<post>

	 
      aku rindu kamu smua... sniffles....
     
    
</post>

<date>15,November,2002</date>
<post>

	 
      this was what i sed on the 12th of november 2002 quote 'aku rindu ia....*sigh* aku mau liat mua nya...like muanya meliat aku jua.....i mean ia meliat aku.....*sigh* it would really make my month...... ARGGGHHHHHHH!!!!!!!!!!!!!' laaaaaaaaaaaaaaaaaaaaaaa............ it should have made my month suda ia tegur aku lagi........ dua kali lagi ku jumpa ia and ceta with him kali baru puas cukup make my whole summer.............hehehehheh...."hows it going?'> dengan senyumannya yang lebar brabis.....*sigh* aku now arah durang balqi...bobby bought this fooseball table tadi arah rebel sport durang masih main until now...gila ehhh........ aku tidur arah ana ni cos aku takut pasal one week suda tani liat the ring....stupid movie!!!! the incident above really made my day....*sigh* .........cana ni??? im supposed to be over him already!! jat: johan mu bila berjumpa lagi? exam ko bila sama ia? good luck mate in the exam as well as in johan........ anyways....good luck people in all ur exams...i still have one left on monday...suda tu...FREEDOM! YAEY! bah! nites.... luv SEL xoxoxoxoxooxoxoxoxooxoxox 
     
    
</post>

<date>15,November,2002</date>
<post>

	 
      Sudah atu si Shamai, mahu jua partying tonight!! Hehe. Aku ngantuk berabis berabis lah. Did some errands in uni today. Abis uni ku round. Haha.  Am printing exam papers right now. Jats, MGMT2201 nada past paper lah. Buruk eh.  1 down, 3 to go. Haha. Mau jua aku ah. baru satu paper. Sakit tangan menulis-nulis. Hehehe. Hmm, apa lagi ah? Krg tah kali lagi memblogging. Kan print barang then go home sleeeeeeep. Hehehe. Woke up at 2.30 tadi!! Haha. Inda dapat dtur balik sampai 4.30 but alarm berdering at 5. Laa. Inda pedah sebenarnya wah. Hehe Selamat belajar-ing kamu ;)
     
    
</post>

<date>14,November,2002</date>
<post>

	 
      heha aluu all~ one more down, one more to go *sigh* n the paper this afternoon paling payah! takut ku! anyways, sorry jats, didnt think you would join the immatures (kah?) kacau my diary hahahahaha jan marah Mal hehe esuk aku balikkkkkk!! hehehe but buring nie d brunei nada kan d buat, but inda apa ke gerai saja everyday, cuci mata. wahhh aku inda mau belajar lagi, ngalih ku sudah bah, eh siukss c abby udah abis exam. aku mau jua abis exam! Mal, Arnie, inda kamu ke santa lucia tonite? heheh mesti bersiuk tonite pasal esuk aku balik n aku habis exam sudah tu haha bah eh i need to do some serious brain compacting haha what the?? laters all~ 
     
    
</post>

<date>14,November,2002</date>
<post>

	 
      aLLu everyone.. selamat tengahari diucapkan kepada semua muslimin dan muslimat di brisbane... finally! i got some good sleep last nite..hehe, u guys should have seen me makan sahur tadi.. i was so sleepy.. macam my eyes inda mau buka but i had to sebab takut lapar and merah my parut todae! anyways, benar tu cakap amal.. aku jua tulis arah shamai punya diary tapi nada kana acknowledge.. hahaha..mau jua.. anyways, hope everyone have a good puasa-ing day and may kamu punya pahala meter inda berapa turun todae.. :) ehhehe... 
     
    
</post>

<date>13,November,2002</date>
<post>

	 
      Arghh. Esok exam. Awal2 complain sal macam inda pandai datang exams ani. Nah, skalinya esok exam- panic!! Hehe. Aku semalam kana tagur olh si Adi punya bapa sal slalu inda sahur. Macam almost everyday ia tanya sudah napa inda sahur. D malam, he asked again. This time when I answered, 'malas bangun.' Ia cakap, 'berpahala kalau sahur', mana ku tarus rasa pisang tu!! Uwaaaaaa. I thin someone knocked on my door around 3, cos' terbangun ler. But I was tooo tired to wake up and if I do wake up for sahur, kul brapa tah kan tdur balik and kul brapa tah kan bangun and kul brapa tah kan blajar? Hehe.  Did a chapter of macro this morning. I think I must've studied that chapter 3 times sudah. My favourite!! Haha. Am dreading the other chapters. Next week balik. Yaaay. But banyak lagi alum beruruskan. Sigh. Got to simpan duit dalam telstra account lah, bali barang for orang lah and yang paling susah- packing!! Urgh. Inda lagi ada Shamai to help me pack. Hahahaha. Tukang lipatkan bajuku. Slalu wah!! Bila tah kan pergi shopping ni? Mal, make up shopping lagi?!! Stress, stress, stress.  Anyways, catch you guys laters. Toodle-loo~
     
    
</post>

<date>13,November,2002</date>
<post>

	 
      alloooo allooo! Me also baru abis sahur...had leftovers wif rice and corned beef. hehe.. blech kalau di pikirkan. And also had strawberries and FULL cream. buntu banar... Ani main trivia skajap while tunggu for my parut to settle before i go back to sleep. Anywaysss.....to shamai: Jan lupa izati! She also tulis2 in ur diary. hehe... At least ada jua *uummph*. hehehe..ani neat brabis ah.. U really need to let ur hair down. Be rebellious! Jangan bersihkan ur room for a change! haha.. =P  lalalalala...I dunno wat else to write and I dont wanna go back to sleep.. Boring eh TV aniii! Bah nanti lagi.. 
     
    
</post>

<date>13,November,2002</date>
<post>

	 
      Aluuu everyone ~ hehe aku baru abis sahur, usually aku inda sahur, tapi tadi aku guilty berabis so aku belajar til akhir n then tarus makan sahur. Tadi i woke inul up, coz aku takut ia inda terbangun, i switched on his lampu, inda bangun, d panggil namanya inda bangun, kali aku kacau his bantal, ia terkajut berabissss hahahah priceless muanya!! aduh, officially esuk aku exam buss law!! wahhhh stresss banget sih, gimana nie, gua kan lagi belum selesai sama revisinya hahahaha antah eh, stress ku, gundul jua nie krg! bah eh, i need to sleep, esuk kan bangun awal so that i can do a lot of studying! to Arnie n Amal, thankies for the notes arah the diary, very entertaining indeed hahaha laters all ~ 
     
    
</post>

<date>13,November,2002</date>
<post>

	 
      Assalamualaikum kepada para sahabat yang d kasihi sekalian... I was looking at my calender tadi n rupanya today wednesday, then thursday, then friday, then saturday, then sunday, then monday (XAM), then tuesday BALIK!!!!!! Laaaa before i typed dis all down it seems nda lagi batah kan balik.. now sudah reading wat i typed mcm batah tah plang eh.. off peak ku tarus eh *hmmmmph*  Anyways.. Saja dropping by to have a share of say for today.. hehe bah luckz to everyone k... :) Wassalam -Ramadhan Mubarak Insyallah-
     
    
</post>

<date>12,November,2002</date>
<post>

	 
      hehehehhe... wassup everyone.. i couldnt sleep.. kira aku pembuka majlis blogger for todae! :) anyways, da.. hehehe..berani ikut aku drive? insyallah.. round gerai tanie nanti masa balik brunei.. hehehe..,lihatlah cause i drive funny.. apanya my dad..macam kereta berjalan sendiri..inda nampak ah! hehehee.. baru kau lihat advert atu da? laaaaa.... kurang ajar kan..~there's sumthin's u can't change, but u can change ure hair colour~, ish ish ish.. seriously dunt like dat advert.. everytime its on, i tune out! hahaah..berabis, emosi bah kalau lihat dat advert.. eh! speaking about adverts..amal tau kali nie.. have u seen advert yang untuk australia, yg cakap ~dunt waste australia~..well, one of them ada dat guy yang selalu menyayi dicity with his guitar..urang abo yah..cuba kamu liat, bless ah ia dalam the advert.. and yesh da alhamdullilah..my preparations are going well (most of the time! :)) and adding to dat.. we found a place sudah.. tapinya ganya arah second bus stop.. so kami jauh sikit dari kamu lah,yang st.lucians on the 3rd bus stop..:) lawa the place berabis.. hehe.. i was raving about it to durang shamai,  ka dah and inul last nite..mesti durang ngaleh dengar.. i think halfway tune out kali sudah..hehehehe.. yesh! lawa eehh.. nantilah..kami house warming and i know kamu inda mau tau but the house has a backyard people...hehee..  anyways, cakap pasal sumthin else.. oh! yeah..sel, how was the ob exams? i know anie akhir sudah but i dunt think mau if u hitamkan the question marks..not for management subjects tu.. anyways, dunt worry..u'll do well.. tawakal saja.. :) so inda tah kau jumpa ia lagi tu? kesian ehh..kalau mau blow up the pics u have of him and liat atu saja all the time..bless jua tuu.. :)  alrite people...karang lagi update...sapa yang exams todae good luck and all the best.. :) 
     
    
</post>

<date>12,November,2002</date>
<post>

	 
      Aku stressssssssssss..... arrgghhhhhhhhhhhhhhhhhhhhhhhhhhhhhhhhhhhhhhhhhhhhhhhhh... its like 12.35 am now n i'm like listening to these really sappy songs.. palui rasa ku.. buduh banar eh lagu2 sedih ani.. kenapa kan org suka buat lagu2 yang sedih2 ani.. membari nada mood banar eh.. sudah pun menyedihkan tu ah.. krg high on the music charts tu.. apalah!!.. Hmm Aku nangtuk aku kan tidur.. aku kan balik brunei.. aku mau makan ikan salai yang kamu sabut sepanjang hari dalam bloggers anie.. banyak jua eh yang aku mau anie..  Dah.. sorry tadi eh i wasnt dapan computer ku masa ko msg aku on msn.. i think i was d bawah kali tu melayan tv n my cuzzies.. plus nadya baru balik dari Xam dalam kul 8pm tadi.. so mendengankan ya makan jua lah hehehe..   Sel.. yarabbi anak ani tah.. Havent heard from u in a LONG time.. hmm well sehari plang tu but then mcm batah jua ah rasanya.. bah jantah kambang nah hehehe apatah lagi ni krg for like 3 mths nda berjumpa.. gila kalah lovers wah ahhahahahaLOL..  Jat.. aku baru liat advert decore the other day baru tah ku faham.. atu selow kan aku ahh.. anyways.. apa habar xams mu dang?? Preparations going well n everything?? hehehe Bah eh bila tah ko kan drive kan aku ani?? aku mau ampit jua wah kana drive uleh mu.. nanti ah d Brunei hehehe :) Ps.. C abby dapat sudah lisen nya d sini hehehe I think baru coz qaqa juz told me tadi.. capi kan anak ah.. nda sound2...  Shamai.. Ko inda batah lagi balik.. baie wahhhh.. aku jeles brabis rabis rabis skali.. Baik ko ambil kami krg on da 19th!! hehehe  Nah bibiran sudah aku ah.. oh well.. membawa rasa banar aku ani.. heheh nda kan pms coz baru jua habis.. hmm overshare kan c Reda ah ehhehe.. neways selamat berpuasa to all of u n all the best yet again for da upcoming xams.. *hugz* Nyte2
     
    
</post>

<date>11,November,2002</date>
<post>

	 
      aku exam in one hour!!!! crasie woman..... oh ya...waalaikumsalammm...jat: yes..tapun is like sia siapun.... aku blur.....ob lagi..... baik jua multiple choice at least semua question berjawab..... does it work ka yg u hitamkan the question mark and then get half mark for that question? i dont mind......at least 50 % of the exam...nda jua fail.... penipu ehhh lecturer kami ani....nya mula mula assignemnt keluar last friday ...suda tu tukar today at his office at 3 pm...ani now at almost 5 belum jua masih ada! PENIPU!! aku argue sama si ana tadi about how to pronounce HIERARCHY.... is it hi archy or hi raki...hehehhehe...think about it.....palui org pueh ani....banyak words nya d baca cam atu salah....suda tu yg betul nya d baca terbalik....BANARRR EEEHHHHH.......terbalik org puteh ani.......aku mau kusut brabis so i can tulis banyak banyak..... aku rindu ia....*sigh* aku mau liat mua nya...like muanya meliat aku jua.....i mean ia meliat aku.....*sigh* it would really make my month...... ARGGGHHHHHHH!!!!!!!!!!!!! by the ay....kontena ku macam kurang....bule kamu chek lagi kalau ada lagi arah kamu? .....and kalau kan minjam cd datang ke rumah....   bah calooo......good luck to evryone in their exams..... and aku jua......  selamat berpuasa...and selamat hari raya...in case i dont meet any of u guys sampai raya....
     
    
</post>

<date>11,November,2002</date>
<post>

	 
      Alooo kamu. Aku buruk d rumah seharian. Hehe. Did my laundry and somehow, my pc okay sikit today. But I cant open up msn. Explorer saja mahu. And aku main spider solitaire dari tadi. So much for studying!! Aku abru start blajar for my friday exam today. Its pre-cited. Skali I checked out my lecture notes, rupanya the notes and the lecture he gave us were the questions to the exam. If only I listened to him during lectures. Haha. Was supposed to go library to pinjam the textbook for this subject but then my frens nada yg menggunakan textbook. 3 essays in 2 hrs. If pakai textbook, nada masa kan menulis. Berakal diurang atu eh.  Aku taisliur ikan salai lah. Tu yg macam si Shamai jual ah. tadi ku order sudah skali Shamai txted balik and sai 'Sorry Dah. Nada Mackerel' . Zaman techonology banar. Hahahaha. But seriosuly mackerel habis d Indroo. Damn.  Aku mahu bali Craig David punya album lah. Hehe. But then alum ku bali sudah tah ada orang booking kan dkomunisnya. Haha. bah, siapa ada membali atu sound2.. Kan d komunis!! Hehe. Speaking of komunis, Sel, next time we meet you bawakan cd Vonda Shepard ah!! Hehehe. Kan dkomunis tu. Hehehehe. Untuk dengar dalam kereta kalau cruising (BARIGALI!!!). I want kebab Brunei lah. Yang fattening ah. Yg mayo * minyaknya banyak brabis ah. Haha. Nyaman tu eh. Bah, atu tah dulu sebelum pc ku crash. Hehehehehe. *kisses*
     
    
</post>

<date>11,November,2002</date>
<post>

	 
      Wa'alaikumsalam to Izati n Assalamualaikum lagi to all.. heheh Lama sudah nda check dis blogger thing.. I juz habis brush my teeth n I oh so desperately need to jumpa my orthopedic.. gila sakit my gigi ah.. sumthing must be up wif my braces.. Hmm One Xam paper down, one assignment n one xam to go!!! heheh Gila takut ku eh kan Xam ku next week ani capi capi eh.. Anyways.. kewl jua ahh dapat post pictures.. *sigh* Aku yesterday happy happy.. kna baby bless~~ *sigh* Effectnya sampai today ani wah.. hehehe gila gila.. Skali kana mau lagi ani wah.. sigh sigh sigh sigh sigh sigh sigh brabis rabis!!!!... lalallalalalallal~~ Bah eh lalai eh.. Kan blajar lagi.. hehehe kan buat assignment again... Oh mengapa lah hidup ku penuh dengan derita Uni ani kan?? hahaha tapi nda apa lah.. asal panuh dengan baby blesses it shud be ok.. hahaha apakan :)
     
    
</post>

<date>11,November,2002</date>
<post>

	 
      assalamualaikum everyone..awal eh bangun! couldn't sleep.. banyak kan difikirkan.. balik, packing, and best of all exams! tawakal saja..oh well! hahhaha... shamai, ada jual tungking ayam kah? kalau nada hati buyah saja? hehehehe.. baik balik on saturday, jangantah rub it in nah! dimalam i ate the daging sama tumpi ah.. padas berabis, my perut sakit berabis... hehehe, but inda apa2 nyaman ah! oh! well, pada yang exam todae good luck and reda.. hehehe.. jangan panic.. sel.. apa tapun nie kah? macam sia2 pun kah? hehehehhe.. macam fag kah? hehehehhee... have a good day everyone even tho' macam kan hujan..  P.S. I didnt know dapat post pics.. ~bless~
     
    
</post>

<date>11,November,2002</date>
<post>

	 
      EH bayi usul mu Nul, lah anie kan aku bisai2 belajar to get a good job ko ucap aku jual ikan  *sigh* shows how much faith u guys have in me hahaha waahhhhh aku exam in less then 3 hrs i think hehe i gotta drill in some more stuffs, inda banyak bah sebenarnya, and i've actually studied all, but ada some part babal masih hehe after today i've only got two more papers to do, both on friday *sigh* but inda apa aku balik on saturday!!! hahahaha jan jealous! eh kelmarin kami ke Morissey, lawa2 barang nya! i might get the black denim wallet, liatlah if my bank account approve hehe i know balum ada urg bangun nie, maybe huaida n amal coz amal ada exam same time as me kan? Nul, meja makan kamahhhh tu, baik ko bersihkan before i get back hahaha krg patang after exam i'm goin to indroo to do some shopping hehe mana ada time lagi after today tu, anyways i better start cracking eh! later all ~ 
     
    
</post>

<date>11,November,2002</date>
<post>

	 
      hahahhahha...shamai jual apakan tu?? ikan bakar??? ok tu...... jan lupa bagi diskaun...... kueh yooo...... aku mau donut kampung...the small one yg kena buat with ubi mains....nyaman tu ehhh...with melted sugar kali......*drooooooooooooollll*....laaaaaaaa......tapunnnnnnnnnnnnnnn~ 
     
    
</post>

<date>10,November,2002</date>
<post>

	 
      assalammualaikum peepos!! gila ih...i forgot to defrost the chickin wings again!! that makes 3 nites in a row. what the hell is wrong with me?! anyways...currently garu garuing me head on what to cook for sahur. still cant figure out though...i've got less than an hour to make my decision!! bah i better run off to the kitchen now... maybe masak nasi goreng... or entahlah. oh yea....b4 i leave....attached are a few items i want for sungkai isuk...will be expecting it on the table by the time i get back from uni isuk.... hehehe          oohhhh.....just look at all those food!! *yum yumm* ih wait...is that shamai yg ada that pink towel around the neck atu?!
     
    
</post>

<date>10,November,2002</date>
<post>

	 
      hehehehe...yes, im already awake and alive..hehe,ka dah u want to watch the ring 2 arah my place? buleh jua..manasaja u guys, i mean.. kalau lihat ramai2, at least everyone is cramped in one place so inda really dat scary..and anyways, puasa jua kan..so the possibility of something freaky happening is quite high!! hehehe.. yang baik saja tu ada, yang jahat semua kena ikat...inda kena suruh main diluar :) awueh, reda ah.. i was about to go to sleep tuu.. i just turned off the tv and the fone terus bunyi..gila! macam the ring ah! hehehe.. baik jua msg happy bukan tulis '7 days'..:) last nite suprisingly i studied quite a bit, cause usually i dunt study at nite.. which was good.. so people, ill c u all karang.. so just tell me if jadi kan liat the ring 2 anie..  later all and happy puasa sunday.. laze away... :)  hehe..another pantun.. boring punya pasal.. Kerna shopping, duit mikin kurang, Telefon parents inda malu bertanya, kepada mereka yang kan pulang, sakit hati ku ganya!
     
    
</post>

<date>10,November,2002</date>
<post>

	 
      EloOoooo Kamu :) Shamai, Inul and Izati bangun sudah. I bet Amal, Arnie, Reda & Sel nyaman tdur masih ni. si Reda metxt org tgh malam. Walaupun sms plan. Hehehe. Baik saja tfon ku dlm bilik Inul. Kalau inda kata2 ku tu. Haha. Anyways, I might go to the city this afternoon. Need to go to Borders and bayar deposit for the book. Arnie, kali sempat, bawakan balik ah. Jgn lupa ah. Hehehe. Will of course give you the money. Hehe. Hmm, apa lagi ah? Siapa exam esok atu, blajar kuat2!! Good Luck. All the Best. Hehe. Diurang kali kan liat The Ring 2 tonight. Hmm. D mana? My place ada parents si Adi. Hahaha. Inda cali tu, gang bang lagi dalam bilik. Hahahaha. Kalau arah Amal, balik malam krg payah sal nada bus. Arah Shamai, mengamuk ia krg sal esok ia exam 8am. Hahaha. Arah Izati? Macamana? Hehehehe. Si Amal sama Arnie ada driver on call. Hehehe. Slalu membangunkan abang2an segala tengah malam. Suka nyusahkan abang. Hehehehe. Hmm. But liatlah dulu cana eh. Hehe. Krg tungkal seorang2. Inda lagi bertdur. hehe. The Ring still scares the shit out of me. Palui the bit yg ia kelaur dari tv ah. Palui banar!!! Anyways, might do some work lagi. :p
     
    
</post>

<date>20,November,2002</date>
<post>

	 
      ALuu all hehe am here in sunny or may i say rainy ol Brunei....it's been raining almost every nite after terawih *sigh* buleh lagi i have only been out on saturday nite, atu pun kan dim sum with my parents n drg nash n sherry n iqbal. I have been catching up with my sleep and i mean sleep! aku tidur saja hehe probably coz nada kan d buat, not yet complaining tho. I've been to the gerai once and alum ku makan fast food or anything. rite now aku d heritage, have to pick up my brother soon at 2. Sel: ko balik today!! bah u have fun, bah ke Brunei ah hehe kami kan ke kk kah? pandai nie kami plan, krg inda menjadi. Dah: how u? hehehe only seen him once baru, but surely he's anxious to meet ya hehe did ya get my msg? bah jan lupa yea. bah everyone else, good luck with ya exam. Jats: pindah sudah? exam still alum start, that must suck yeah hehe bah nanti tah kan buat banner lagi. Mal: mau jua keluar results tarus, have fun dulu d brunei, baru tah cek results hehe bah alrites then, c yah guys soon! 
     
    
</post>

<date>18,November,2002</date>
<post>

	 
      aku mau tau my results nowww! the suspense is killing me...takut ku ehhhhhhh
     
    
</post>

<date>17,November,2002</date>
<post>

	 
      AKU HABIS!!!!!!!!!!!!!!!!!!!!!!!!!!!!!!!!!!!!!!!!!!!!!!!!!!!!!!!!!!!!!!!!!!!!!!!!!!!!!!!!!!!!!!!!!!!!!!!!!!!!! nada ku tidur semalam ahhh...ceta pasal si arnie....u shouldnt have told me bout dat mal! baik jua aku balik lusa...hehe....finally aku nda payah pikir anymore pasal exams...... habis tia cerita ku see ya guys!
     
    
</post>

<date>17,November,2002</date>
<post>

	 
      wassap everyone... :) aku anxious todae..i dunt know why.. restless jua at the same time.. i want my exams now but im not ready yet.. camana kan tu?? heheh.. its like sumthin's going to happen but i dunt know what.. u just get that funny feeling in ure stomach..not butterflies.. just the feeling of being anxious and i dunt like it at all! anyways, enuff about myself.. how is everyone's weekend going? sapa yang kan balik on tuesday atu..if i dunt get to see u guys before dat.. buhbyeee.. have a safe trip and ill see u when i get back like batah lagi... :( to the people yang exams on monday..all the best..jangan panic and banyak baca2.. relax! :) 
     
    
</post>

<date>17,November,2002</date>
<post>

	 
      aku jumpa zuhun tadi!!!! hes sooooo different!! kewl ahhhhh!! OMG! aku rindu ia brabis...... hes the first person other than u guys....ia itu...org kk... yg ku bagitau pasal alifnundalrowau......... aku gila!! aku rindu ia laaaa.a........ ia aga aku masa aku d starbucks with nadya adinya kwnnya don and ziah......baik ahhh ia ngaga..... anyways...kami jalan laaa....kami ceta...i miss him sooo......laaaaa~~ ia balik next thursday.....ia balik kk for a year nda balik sini nya....buat kerja in the filming industry or someting ......bertuah ah  anak atu......liat la nyaa....kalau ia rindu the lifestyle here...maybe ia balik mid year..... anyways...aku jarang jua jumpa durang lately..... jadi the odd email or two kali will keep us in touch.......kamu apa ceta? SHAMAI: macam tah?? sampai brunei? makan mcds? kfc? tapun sajalaa........... ada jumpa mbuah hati?? hehehehhe  bah.....  luv SEL xoxoxoxoxoxoxooxoxoxoxox
     
    
</post>

<date>28,November,2002</date>
<post>

	 
      Sigh. Boleh lagi aku damam!! Kusuts. Went to the doctors tadi. 3 macam ubat kana bari. Haha. And aku masih lagi alum puasa. Ada kan d bayar!! Anyways, macam lagging kan berpublish lah blogger ani. Macam2 saja. Sel, uve got the numbers kan. Inda payah post. Gila, abis kedapatan. And aku inda suka dim sum smlm. Macam not worth it and sooo inda nyaman. My eye's getting better *tee hee*. And emm, I dont know. Hari Raya next week and i dont know. A bit blur-y right now. Must be my medication. And Reda, if you happen to read this- where thehell are you woman?!! Sibuk berayak? Hehe. Tried calling you sal kan abwa dim sum smlm. Haha. Mana ko?! Laters all~
     
    
</post>

<date>26,November,2002</date>
<post>

	 
      hey ppl! minta fon numbersssss.......im boreddd brabis dia time......... btw.....aku susah get connected becos of the bloody fonline nda baik ...jadi ....not updated la on the net....sabar saja.... bah...post ur numbers here!
     
    
</post>

<date>21,December,2002</date>
<post>

	 
      Yaay!! Ada message panya. Fikir nada udah. Hehe. Am just going to blog short sal mum wants me to go to sleep. Been very sick since i got here. Haha. She's threatening to put me in the hospital when we get back so I can rest properly and not 'merayau sampai akhir malam'. Haha. Am making plans for tuesday night already. I want to go out and celebrate!! Hehe. Spent my graduation night in bed with a flu & a very high temperature. Kan habis already that ubat batuk. And went through 2 tubes of butter menthols, 1 packet of vicks drops and another tube of soothers.  I want to go home!! I want my black bubble milk tea with pearl & jelly from gripps. I also want my bed. I miss my bed. I miss my bananas in pajamas pillows (dont ask why!!). I also miss my komunis mariah carey & jlo cds. Hehe. I want to go home!!  Btw, Im using Thanis' punya pc. Haha. My pc Monday baru dapat ambil. Hahaha. Sudah atu. Baru berguna housemat. Wahahaha. Anyways. Off to bed I go. Am sleeping in Nazlee's room with Nini Ujung & Hudiya. Nini Girl & Nini Boy are sleeping in my room. Hehe. Nites lovely people. Miss me? :p 
     
    
</post>

<date>20,December,2002</date>
<post>

	 
      wasaap u all... ada jua msg dalam blogger ani. Pikir semua orang sudah siuk sendiri di brunei. hehehe... Jats atu banyak teh kau minum! hehe prone brabis tah sudah tu.  Anyways aku bored jua. Everyday it's the same thing, bangun and just laze around di rumah. Kemarin I watched lord of the rings! Siuuukkkkk!!! Sigh lawa eh the elf. hehehe bah aku kan menalur lagi dapan tv. bye u all
     
    
</post>

<date>15,December,2002</date>
<post>

	 
      hey all.... hehehe, i know like batah sudah urang inda update blogger anie! but im so bored rite now and i cant think straight (dunno why but entah eh~) anyways, just wanted to write sumthin here..in case anyone masuk and heheh..entah eh.. asta! berguruh pulang nah! kan hujan cia.. oh well! hehehe.. tadi berabis gossip..di taurean for like 3 hours bercerita..and i drank like 5 cups of tea..ahahha.. laaa.. baik jua prone sudah kalau inda, memang restless and inda tidur tonite.. hhehe.. sel, call me if u read this.. cause i miss u already...hehe.. bah, bila u coming here? kan ke sana jua ku..kalau berdangan manasaja.. bah eh, kan kuar dulu.. banyak lagi keraja ku eh! :) hehehe..blessss...
     
    
</post>

<date>06,January,2003</date>
<post>

	 
      Happy New year alllll! hehehe.. mana si sel ani nada bebunyi?
     
    
</post>

<date>16,January,2003</date>
<post>

	 
      WHASSSSAPPPP "P  
     
    
</post>

<date>09,February,2003</date>
<post>

	 
      Heylo people.. Today is a Sunday N I really miss U guys.. D mlm nda ku bertidur i seriously dunno y.. Tried to go to sleep but ended up tossing n turning until 7am!! Caya 7am.. then now its only 9am.. I woke up ard 30 mins ago.. sheesh dats juz 1 1/2 hrs of sleep.. antah kan jadi apa kah aku ani sudah.. hehehe.. I seriously feel like crying.. aisay apakah aku ah.. but yea.. I miss my frens.. need to be ard them.. *sniffles* neways, hope to hear from u guys soon.. Miss u all loads n loads... Muahz n huggies
     
    
</post>

<date>07,March,2003</date>
<post>

	 
      Yaay. Amal ada mengupdate. Hehe. Jats & Wanah emailed me. Alum ku te-reply babes.  Got out of work 45mins early. Have to make up for it next week. Damn. So terpaksa tunjuk rajin tadi. Hehe. Banyak kraja and didnt have time to reply your mails. Maybe this weekend or early next week. Went to the airport tadi to send Mujib off with my dad then had zinger with him d KFC. Im hanging out with daddy!! Kan jalan again this afternoon, too tired. Mum wants me to go to this ceramah tonite d masjid. Hehe. Bless! Cara2 menhalusi sembahyang or something like that. Dont know if Im going to last  the whole session. Am craving for Chicken Chop from Gripps. and ia punya bubble tea tu. Maybe tomorrow. Siapa ikut?  Mwahs babes.
     
    
</post>

<date>06,March,2003</date>
<post>

	 
      Bah aku lagi yang meng-update. Iatah wah the weather quite sajuk today and I took advantage of it tadi, nyaman tidur ku. hehe.. Dah!! aku mau masuk freezer McD! Balum pernahhh! hehehe Tadi banyak kan ku tulis lupa tia ku nah. oh yea.. pada sesiapa yang BSS member atu, did u guys get an email from teo pasal durang planning on a trip to either sunshine coast and mana satu atu lagi lupa ku. Iatah wah... mana payah jauh2 kesana! Rumah si sel ada. hehehe.  Bah I'm off to look for foooodd... byee 
     
    
</post>

<date>05,March,2003</date>
<post>

	 
      I miss my bubs & bubbles.  I miss Brisbane. I miss Sportsgirl. I miss Shamai's & Inul's cooking. I miss fighting with Iqbal. I miss Reda calling me to tell me she just saw a really cute guy. I miss having Sel telling me that Shamai lenggangs. I miss calling Izati and she's asleep. I miss eating chocolates and everything else with Wanah. I miss having tot ake out the garbae.. NOT REALLY. I miss you crazy people. Sigh sigh sigh.
     
    
</post>

<date>05,March,2003</date>
<post>

	 
      "Bush to invade in 10 days"- whatever dude!!  Im at work and Ive finally got access to this site. hari atu inda kana bari cos' it contained 'Banned phrase". Wonder what banned phrases. Hahahaha. Did a hell lot of photocopying this morning and as usual, the copier loves to jam on me. Hmph. The second half of the morning will be more 'entertaining'. Imsupposed to fix the work schemes for A level economics, which means I have to read economic textbooks!! Eshk. I aint by Lo Ryder is playing on 90.7 right now. Dont you guys just miss Kristal FM? Kekekeke... Well, I can safely say that I miss you luv-leh people and of course, the shops in Brisbane. Hmmm. Iqbal just txted me, telling me that he just bought OMO, SOFTENER and FEBREEZE. Way to go Bal!!! Ill blog again later peeps. The day is really slow. Malas kan buat anything. And Im on medication (steroids actually!! haha) and feeling a bit drowsy. Mau katil & tidur. Ikut? Haha. Miss and love you guys!! Mwahs.
     
    
</post>

<date>03,March,2003</date>
<post>

	 
      wasap wasap wasap.. hehehehe.. okai people, time to start updating this place.. hehehe.. ill go first..i know this sounds stupid but i reactivated my phone arah telstra shop which took me an hour.. berabis.. and im not joking eh! sekali ucapnya lagi tu aku owe them 1500!! lagi tia.. penipu wah!! but eventually, ada urang telstra help and okai cia.. ish ish ish.. hehehe.. was kinda unproductive because i wasted my time but its worth it lah pasal i got my phone connected balik.. hehehehe.. nyawa tu eh! hehehe..alrite.. nada lagi kan update anyways, i have to buang sampah.. karang inda kana ambil sampah kami uleh dat big machine truck thing..hehehe..  ciao ciao.. peeps.. oh yeah! welkam bak to uni.. :)
     
    
</post>

<date>10,March,2003</date>
<post>

	 
      whassapppp daaaaaaaa!!!!!!!!!!! sorry ehh.....aku lupa username and passowrd ku...aku d uni masa ni...btw IM SEL! hehehhehe...aku sms reda username and password nya...bule?  anyways....aku sedih berabis rabis! nada dude ani wah for as long as ive been back....BORENG! alifnundalrowau nada jua....si martin nda jua nampak batang hidung nya.aku nampak si eric plang which was a big suprose since dint see him the last semester.apa ceta da? sepa 'boyfren' mu ani? cool eh comps d ipswich, ada lagu lagi....dulu nada....durang ganti all comps to DELL....izati now in her tutorial..we were suppose to be in the same tute..salah paham kami ah...jadi nya si izti class 10 - 12 and aku 12-2..boreng.. ALSO kami liat JA RULE and ashanti malam ani!!!! AYEYYYY!!!! hehehhe....i have at least 3 hours to decide what to wear tonite.. da..ko liat blue? r u going to their concert? si ab mau tu...kirim salam saj arah durang.whatelse?..oh yeah..si ana balik brunei suda...ada tah kawan mu da hang out d brunei... i WANT kfc i WANT burger king i WANT mcDs mix ice cream i WANT to bayar sign saja...nda payah berduit. i M bored si sel ahh...FOLLOWER..hehehe.. miss u guys yg inda menetap d brisbane lagi..  luv SEL xoxoxoxoxooxxxooxox
     
    
</post>

<date>20,March,2003</date>
<post>

	 
      Bless. Kana hantar fresh flowers. Aku mahuu. Hehehe. Its Thursday evening and the war has started. Palui eh. Kan nangis ku everytime I read or watch the news. Kasian lah. Imagine caught in the middle of the war. Eshk. Kasian eh. Sigh. No Jats, I didnt watch Criminal Intent. Hehehehehe. But bless if ada laki2 catu but then again, its all for the wrong reason. Hehehe. Emm. Im at home at the moment. Tadi masa kraja, banyak I wanted to write about in here but now I dont remember. Ooh. There's a gossip going on in my department that there's a teacher in the next department thats gay. Gulp gulp. Palui wah diurang ah. Inda bertapis. Hahaha. But its a good healthy gossip. Makes the office more interesting.  Emm. Atutah dulu. I'll blog again later!! Or maybe esok2. Hehe. Mwahs all of you!!
     
    
</post>

<date>19,March,2003</date>
<post>

	 
      assalamualaikum and allewwww my dah-lings! :) apa ada..im really bored but in a very good mood 'cause im already in my weekend.. hehee.. ~lalalala~ anyways, i wanna watch a movie tomorrow nite..pasalnya? i just wanna..hehe.. and yeah, did u guys watch criminal intent dmalam? siuk berabis.. i like the part where the main character, dat guy.. said dat he read the quran cause he wanted to impress this muslim turkish girl..hehe..it's kinda a weird, well..actually a very weird excuse to read the quran but also sweet..so hehe..there u go.. hehe, btw, amal.. bagus jua abangmu kana bagi bunga atu? hehee..sepatutnya tanie lah, the girls kana shout out kan flowers..hehehe..bless bless.. oh! yeah guys....yesterday when i came back from uni..ada this cat sleeping arah belakang my house..it was the biggest cat ive ever seen 'seumur hidup ku'..and im not kidding..hehe.. it was fat and lazy because masa i opened the door and called him/her/it,  ia woke up and when he/her tried to berdiri kan jalan.. it kinda took him awhile..hehe, bless and cute eh..anyways, it was black and grey and the funny thing was..it had spirals all over its body..so badannya black and the spiral was grey.. so lawa berabiss.. imagine tah kamu.. hehehe... 
     
    
</post>

<date>18,March,2003</date>
<post>

	 
      Wassappp ppl! I'm in between lectures and tutorials and i have to saty till 8pm tonite *sigh* but apparently, abby said the tutorial is not important, just come if u have some questions, so i might as well skip it hehe Mal, rupanya ko ada dalam bus tadi pagi hehehehe i didnt see you, udah ko turun d toowong baru ku nampak n it was to late to yell out haha btw  i could just imagine u fanning the smoke detector hehe anyhow, i'd better run to class now, dont want to be late hehe laters all u nice ppl (tia karang haha)! 
     
    
</post>

<date>18,March,2003</date>
<post>

	 
      I can't find anything to eaatttt..... =P wassaapp people. Yang circles99 atu exist masih kah? hehe I actually forgot about it. Payah ku ingatkan apa password ku. Depressed ku meliat news ani ehhh.  Kemarin I went over to sel's place buat lasagne and her stove is CRAZY. Honestly, anybody could've burned her tea towel. hehehe.. Terlampau banyak gas kluar kalinya after a few minutes of cooking the minced meat, illallaaa... u guys should've seen the flames. Si sel trying to stir the meat and me fanning the alarm. Rosak magazine sel. hehe.. cali cali... nevertheless, nyaman jua lasagne ah. Rugi kamu inda datang =P And now my house nada makanan. No snaacckkss.  Oh yeaa... lapas atu kann.. I went home and ada fresh flowers lah kena simpan outside my door. iski kan tu sudah? Rupanya untuk my brother. Cheh... boring banar. haha Pikir ada orang suka aku. hehehehehe... But nada note and name from who so tu bunga atu masih atas countertop and aku nada vase. My brother said paloi mau kan antar bunga but inda simpan nama. hehee..  daaah!... kau nada kraja two weeks? hehe datang lahhh... macam sanang saja.  Jat kalau u dont wanna shop I'd be glad to shop for you. hehehhe.. I want rockmelon sago.  and KFC jua. *YUM* take care u all =) 
     
    
</post>

<date>17,March,2003</date>
<post>

	 
      wassap wasapp...im pissed now! laa.. i just wrote a really long update and sekalinya hilang just like that, and now i have to write everything again!! but.. im bored and i cant sleep after sleeping this afternoon..hehe.. i was too tired kan pakai selimut but my feet sejuk berabis so i just took one of my pillows and simpan arah my kaki..eheh, u guys should try it, comfortable berabis ahh.. anyways, ka dah..hehe.. u should know we look good in everything..i told my dad to bawa the paper kemari cause i wanna see..lawa berabis kah atau apa??! hahahhaa..nadalah, anyways, atu nada keraja browsing arah LV sama gucci, hey..how about ure christian loboutin shoes (lurus kah tu my spelling?) nantilah membalikan.. hehehe..  oh well.. nada kan diupdate except im getting bored of the shops of the kedai di brisbane anie..macam pait liur ku sudah meliat all the kedai's disini..and NO! bukan pasal hina..nada mood lahh..anyways, balum round that all the shop lagi..so see lah..i mean, im bound to shop but the incentive balum ada..hehehe..what crap am i talking about..i shop, even there's no incentive in it! heehhehe..ler jat! bah eh..people.. nuthing more to update..nite..sweet chocolate vanilla dreams.. :) heheh..     
     
    
</post>

<date>17,March,2003</date>
<post>

	 
      Wassap semua semua. First thing first. You all looked good on tv and in the papers. Hehe. All the hard work paid off yeah? :p Awuah. What hard work? Everything comes naturally. Including that double chin. KIDDING!! Hehe. Im the one here with a double..hang on... triple chin!! I cant even see my neck. My afternoons are spent sleeping. Hehe. Too tired to do anymore pilates or even walkt the walk. Tidur saja.  Its my last week working then I have 2 weeks off. Hehe. SO its a bit slow at the moment as the teachers are too busy finishing up the reports I think. And Im here, surfing gucci.com and vuitton.com *bless*. Anyone yang alum balikan presents for me, feel free to choose from the gucci spring summer 2003 collection and lv's japanese collection thingey. bless bless ah!! Palui eh. Nada kraja. I know there's a hidden camera somewhere inthe room pulang. This place is so full of it!!! Apparently lah.But apa boleh buat? I dont have anymore kerja to do. Hehehehe. Hmmmm.  I heard about the concert you guys went atu was THE bomb!! nice nice nice. So sorry I couldnt be there *mcm banar* but then I was here cheering some of you on tv masa the visit. got to runnow. blog later... break already. heheh.
     
    
</post>

<date>29,March,2003</date>
<post>

	 
      hey hey hey.. baru tah kan update nie cause for the past week i was 'occupied' and tadi barutah i had a really good sleep.. and now my house sunyi..hehehe.. i miss my family already..durang baru jua balik tadi but its okai.. ill see them if balik hols anyways...hehe.anyways, nothin's good on tv so wanah and inul ke blockbuster.. (heheh..yes! we finally became members..free saja but it took us awhile haha) and shamai's downstairs.. obviously cooking hehe..durang wanah kan pinjam three men and a baby..sebab kami kan liat that 'thing'... ive seen it pulang but durang balum hehe..so after dat kami kan liat comedy..so dapat tidur..kalau inda..gila eh, seorang2 inda bertidur tuuu.. hahahahhahaha.... alrite then..ill 'blog' again nanti when im free..and ka dah.. datang sini... we ask iqbal to drag u here... heheehee.. we miss u darls.. :) amal.. after ure family balik call me.. i havent seen u for like how many days..hehehe.. :) ciao my luvs... 
     
    
</post>

<date>04,April,2003</date>
<post>

	 
        Other craziee blogs. Hehe.    www.sinfullydelicious.blogspot.com www.beautifulmeinanutshell.blogspot.com www.pynkbubette.blogspot.com
     
    
</post>

<date>31,March,2003</date>
<post>

	 
      im so pissed rite now with telstra!!!! sudah ku bayar the bill like a month ago and they still say i havent paid for the stupid thing yet... i mean, it was seriously not a good wake up call eh!! sasak ku berabis.. and now i have to go to the telstra shop to sort it out.. i called them like a week ago and they said it was okay and masih lagi fucked up..ehhh..baie ehh!!!!!! anyways...  hehehehe....i still dunt know who DAT GUY is!!!! i mean i know ive seen him before pulang..i mean, how can u forget a face se bless like dat eh...kan sel?! hahahaha.... and pandai lagi ia berbaju tuuuuu....  bah eh.. gtg to the city and sort things out.. ciao my luvs! 
     
    
</post>

<date>31,March,2003</date>
<post>

	 
      whassap people!!! WHO IS THAT GUY????? aku masih bangang ni pasal sapakan that guy! manis ehhhhhhhh~~~~~~btw...we met jo tadi!! if it wasnt 4 him kami nda nampak the manis guy...... aku sakit! i hate it when anti ku datang! sinus ku pun datang! anyways..tadi siuk!! ramai org ke ipswich...siuk ani wahh!! ive never had so many frens d ipswich!!(so sad!)  ARRRRGGGGHHHHHHH!!!!! still memikirkan pasal laki laki bless brabis atu......too bad ia ber'kawan' suda.........oh welll~~~~~ aku saja menyibuk sini...nothing important to say....HAVE A NICE DAY!  LuV  SEL 
     
    
</post>

<date>16,April,2003</date>
<post>

	 
      ko jobless kan da?? hehehehehhehe   luv SEL xoooxoxoxxooxoxoxoxo
     
    
</post>

<date>12,July,2003</date>
<post>

	 
        all weird    the blogger has gone all weird. tahu sudah orang ani technologically challenged. hmph.   am kinda tired but going out again later around 9ish to meet up with the rest. going to go gerai JP tonight and maybe jalan2. not sure yet. azne & yani are at the flop poppy concert. so meeting them up after that. fo rnow, having lunch with bapa at home (everyone has gone out or is going out in a bit!) then jalan. thank god i'm not driving! drove last night after a loong loong time. not good lah! almost rammed the back of my car into 2 cars at of course, 2 seperate occassions. haha. teruk eh. but had sooo  much fun. was just angkat tangan-ing everyone who crosses my path. damn. i'm a menace on the road. that is why LEN, YAN & SHAMAI, i always ask you guys to ambil me. hehe. im not pemalas bah. just that you guys are better drivers. hehe. i'm pms-ing. been eating the whole day. was disappointed with my oreo cheesecake from Le Apple tadi. too creamy for me but Yani said 'luan banyak talur putihnya'. wanted to go out tadi to get tiramisu cheesecake from fleur de lys but tertidur whilst watching legally blonde 2. maybe later or tomorrow. oh yeah. i'm going back on 23rd!!! dad said i can skip my orientation but i have to go to uni on thursday and sort out my summer school & research topics. mesti 2 separate ones. emm. apa bagus ah? hope they approve my summer school then i can finish by July. sigh. malas lama2 d sana lah.  bahzi's coming withg me on 23rd and babu said she might come if inda sibuk. so for now, it sjust me & bahzi. siapa lagi mau ikut? hehe. bayar sendiri eh :p i'll just provide tempat tinggal & makanan. hehehe. neways, am off now.   p.s. i want to see him!! batah udah inda jumpa. 2 weeks? erkk. too long!! hope he's back already. hehehe. *gatal*
     
    
</post>

<date>08,December,2003</date>
<post>

	 
          Bluetooth sparks public sex craze    An article by Reuters details the public craze over "toothing", where commuters utilizes Bluetooth enabled phones to arrange sexual liaisons with strangers on trains, in station toilets or pretty much anywhere they can.   "Toothing'' builds upon the craze of 'bluejacking', whereby strangers on trains, buses, in bars and even supermarkets hook up for illicit meetings using messages sent via the latest in phone technology.  Jon who authored "A Beginner's Guide to Toothing" explained toothing was born after he was "bluejacked'' by an unknown girl. After a few days of flirting, she suggested a brief encounter in a station lavatory.  "The meeting wasn't a romantic thing - it was purely sexual. Barely anything was said.''   Related  »  urlLink A Beginner's Guide To Toothing   + + + + + + + + + + +    US grand jury indicts Michael Jackson   LOS ANGELES, April 21 (Xinhuanet) -- A US grand jury on Wednesday indicted pop superstar Michael Jackson, moving his child molestation trial to a higher court to speed it along.  urlLink Read more...   + + + + + + + + + + +   Virgin mouse gives birth   A laboratory mouse born by virgin birth - that is without benefit of sperm, male chromosomes or male mating - has developed to adulthood and reproduced normally, according to a report in Nature today.  urlLink Read more...   Ok I guess very soon we will hear of a vigin girl giving birth to twins? Hehehe.  + + + + + + + + + + +   Please understand that Kill Bill Vol. 2 is not for those who:   urlLink Click!   + + + + + + + + + + +
     
    
</post>

<date>30,April,2004</date>
<post>

	 
        Its all about American Idol.....      American Idol 'racist': Elton    AP - Elton John thinks there's something "incredibly racist" about viewer voting on the American Idol television talent show.  John - who rehearsed with the show's wannabe pop stars during a recent week in which they performed his songs - said three performers he was really impressed with "happened to be black, young female singers and they all seemed to be landing in the bottom three."  "These three girls would have the talent to be members of The Royal Academy or Juilliard," the British singer-songwriter told reporters.  "They have great voices. The fact that they are constantly in the bottom three, and I don't want to set myself up here, I find it incredibly racist." Read more at  urlLink 9msn...   + + +    'Idol' Insider: Simon Lives it Up     Simon's take on Stevens leaving? "I think it was perfect timing," Simon told us. "I think it was good for the show."  Apparently, what's good for "American Idol" is good for Simon. VH1's new show, "The Fabulous Life of Simon Cowell," reveals that TV's bad guy lives a very good life. His estimated net worth is $80 million, and he's got a custom-built $380,000 Bentley and a home down the street from Elton John. Read more at  urlLink ExtraTV....   + + +    Stevens' fans still support their ``American Idol''     BUFFALO, N.Y. -- So John Stevens isn't the next "American Idol." That doesn't mean the fans who wore out their telephone redial buttons voting for him are ready to give up the dream.  By early afternoon Thursday, more than 350 Stevens fans from around the world had posted messages of encouragement for the wholesome high school junior who crooned his way into the final six on Fox's "American Idol" before getting bounced from the show. Read more at  urlLink Newsday.....   + + +    'Idol' castoff avoids blame game    "I feel like I won the show since I lost the show," Jennifer Hudson says.  "I don't think it was based on talent," she declares. "If we're going to base it on talent, I know I was robbed. I don't think . . . I don't know exactly what it was based on, but I don't think it was talent at all." Read more at  urlLink Azcentral....   + + +     William Hung, "Inspiration"    By kicking off his CD with his rendition of "She Bangs," Hung is emulating the musical stylings of one of the great entertainers of all time.  And why do we like him? Is it because he's so bad that he's uproariously funny? That he covers "Hotel California," is mind-boggling. Listening to "I Believe I Can Fly," I was in tears. And hearing him sing the lyric "I'm a desperado" in "Shake Your Bon-Bon" was hysterical. Read more at  urlLink Startribune...   + + +
     
    
</post>

<date>22,May,2004</date>
<post>

	 
       urlLink    I WANT!!!&nbsp; urlLink   
     
    
</post>

<date>29,June,2004</date>
<post>

	 
        Mobile phones cut sperm count     Helen Tobler June 28, 2004   MEN who regularly carry a mobile phone could have their sperm count reduced by as much as 30 per cent. Those who place their phone near their groin, on a belt or in a pocket, are at greatest risk, new research has revealed.   The findings, to be presented at an international conference this week, are the first to suggest male fertility could be affected by the radiation emitted by mobile phones, also long suspected of causing cancer.   The study by Hungarian researchers found the sperm that did survive exposure to mobile phone radiation showed abnormal movements, further reducing fertility. But Australian experts advised men not to panic yet.  Monash IVF's medical director Gab Kovacs said a man's sperm count "goes up and down quite a bit" and could vary greatly from one day to the next.   "You'd expect a 30 per cent variation just among men randomly," he said.   He said the test finding would need to be repeated in further research before they could be seen as conclusive.   "I wouldn't throw out my mobile phone at the moment," Professor Kovacs said.   David de Kretser, director of Andrology Australia and the Monash Institute of Reproduction and Development, said it was difficult to verify the research, as it was unclear how much radiation the men had been exposed to.   The research will be presented tomorrow at the European Society of Human Reproduction and Embryology's annual conference in Berlin.  Researchers from the University of Szeged studied 221 men for 13 months and compared the sperm of those who used their mobile phones heavily with those who did not.   Researcher Imre Fejes of the University's obstetrics and gynaecology department wrote: "The prolonged use of cell phones may have a negative effect on spermatogenesis (sperm production) and male fertility, that deteriorates both concentration and motility."   Dr Fejes said further work was needed to confirm the finding and discover how it happens.   Unlike previous studies, the researchers believe mobile phones may cause damage while in stand-by mode, when mobiles are not in use but still make regular transmission to maintain contact with radio towers.   It had been assumed such transmissions were too short to cause harm.   Source:  urlLink news.com.au   Mannnnnnn! now thats scary! But then again why only for guys. I mean lets say a girl carrues her phone like that (waist/ pocket), wouldnt it effect her ovaries too or something?  Oh well, I think this might be another hyped issue like the old story of using the phone too long can fry your brain. Sorry I havent had time to blog, 2mrw I have a full day training, infact until friday all full day training!    So I'll catch you guys later, take care!
     
    
</post>





</Blog>