<Blog>

<date>15,May,2004</date>
<post>


       
       urlLink Family Web Party! - Welcome 
     

    
</post>

<date>12,May,2004</date>
<post>


       
       urlLink Install Instructions    urlLink  Main Page 
     

    
</post>

<date>12,May,2004</date>
<post>


       
       urlLink Rainy's  is a really cool little Windows tool that puts a calander on your desktop.
     

    
</post>

<date>12,May,2004</date>
<post>


       
      Interesting Reading on different ETL   urlLink Enterprise Systems | Beyond ETL: Ascential, Informatica Tout Data Integration Strategies 
     

    
</post>


<date>20,May,2004</date>
<post>

    
       This is an exceptionally important article to read concerning the threat to the family.  Do you see the correlation here between this story and my previous post on the strip club that wants President Bush out.  I hope you are beginning to see, as I do, that the forces of evil are against this president.   Here is a snippet from the article.  PLEASE READ THE WHOLE THING -- THIS  MAY BE THE MOST IMPORTANT ISSUE OF OUR DAY!!!  "Ten years from now, no one, except in a very few places, will be able to run and win without the gay and lesbian vote. We're committed to making sure this party is on the right side of history," Barron said.  "Especially in the presidential race, we'll either elect someone to the office of president who will use that office to promote this amendment or someone like John Kerry, who won't lend this amendment any credence," said John Marble, communications director of the National Stonewall Democrats, the country's largest Democratic organization for gays, lesbians, bisexuals and transgenders. While Kerry, the presumptive Democratic nominee, opposes the amendment, he does not support same-sex marriage.  In terms of mobilizing the gay vote, the Cathedral of Hope's Piazza said, "What we need to do is be as strategic as the religious right has been. The religious right targets precinct by precinct, so state legislatures are radically more conservative than the states themselves."  The National Gay and Lesbian Task Force has adopted such a grass-roots approach, Foreman said, particularly in such battleground states as Ohio, Oregon and Michigan, where conservative groups are gathering signatures to get amendments banning same-sex marriages on the ballot.  "What we're really focusing on now is voter identification. That means going door to door, having face-to-face conversations with voters, determining where they stand on our issues and then getting them out to vote," Foreman said.  In 2002, he said, such a strategy contributed to Miami-Dade County in Florida retaining an ordinance banning discrimination based on sexual orientation. The task force identified 94,000 anti-discrimination voters and got them out to vote, and "it was clear in the result that that was what made the difference," Foreman said.     urlLink Yahoo! News - Gay marriage mobilizes voters : "The National Gay and Lesbian Task Force has adopted such a grass-roots approach, Foreman said, particularly in such battleground states as Ohio, Oregon and Michigan, where cons" 
    
    
</post>

<date>17,May,2004</date>
<post>

    
        urlLink Yahoo! News - Bush Renews Call to Ban Gay Marriage  
    
    
</post>

<date>17,May,2004</date>
<post>

    
       Interesting article.  Let me ask you a question... why would this strip club want the President out of the office?     "It's not to say our industry loves John Kerry or anything like that," said Dave Manack, associate publisher of E.D. Publications, which publishes Exotic Dancer magazine. " But George Bush, if he's re-elected, it could be very damaging to our industry. "  Fearful that conservatives might turn off the colored lights for good, a trade organization for adult night clubs is asking owners to register customers and employees and then encourage them to cast their ballots against the president. Micheal Ocello, president of the Association of Club Executives, said the group believes the president's brand of conservatism is bad for business.   "We must do everything within our power to help ensure that Bush and his ultra conservative administration are removed from the White House," Ocello wrote in a letter to nearly 4,000 club owners. "If we are to survive, we must act now."    He's right in one regard.  We MUST act now to keep George Bush in the White House!   urlLink Yahoo! News - Wisconsin Strip Clubs Register Voters  
    
    
</post>

<date>17,May,2004</date>
<post>

    
       WOW!  Thank goodness.  All we need is another "way out" for teenage promiscuity.   urlLink The Salt Lake Tribune -- Nonprescription morning-after pill rejected  
    
    
</post>

<date>12,May,2004</date>
<post>

    
       It is my firm belief that the US government MUST make war against the pornography industry. This article mentions Utah's new Sex Tax that I believe is good start.   urlLink The Salt Lake Tribune -- 'Sex tax' unfair, lawsuit claims  
    
    
</post>

<date>12,May,2004</date>
<post>

    
       A very interesting article about an effort to prove pornography addictive.   urlLink BYU NewsNet - Group to prove pornography addictive  
    
    
</post>


<date>25,May,2004</date>
<post>

						
						   Tom Daschle is one of the greatest threats to freedom in the Senate.  Way to go Bill Frist for his efforts to get this man out of the leadership of this nation!   urlLink Yahoo! News - Senate Majority Leader Campaigns Against Daschle  

						
</post>

<date>20,May,2004</date>
<post>

						
						   From John Kerry's official campaign website comes this picture celebrating John Kerry's campaign plane.    Let me ask you this question.  Why is John Kerry chewing out conservatives for running SUV's and "gas guzzlers" when he is flying around in a jet that generates more than 50 times or more the pollution and consumes 50 times or more fuel?   urlLink John  Kerry for President Blog  

						
</post>

<date>20,May,2004</date>
<post>

						
						   Once you've read enough of these types of articles, you begin to see John Kerry's style.  They are:  1) He consistently blames the President for every problem in America... EVEN if he had absolutely no control or influence over it.  2) He inflates the facts to make them worse then they are.  3) He completely contradict himself and exposes the hypocrisy of his party.  4) Offers no solution for what he would do if he were president.  All four are pointed out beautifully in this article.   urlLink Yahoo! News - Kerry Faults Bush for High Gas Prices  

						
</post>

<date>17,May,2004</date>
<post>

						
						   Senator Zell Miller is quickly becoming my favorite democrat.  If any of you follow his speeches and writings, this article will not be a surprise to you.    Thank you again Senator Miller for standing up for us and letting America know the facts about what goes on in the senate.   urlLink Yahoo! News - Zell Miller Blasts Fellow Democrat Kerry  

						
</post>

<date>17,May,2004</date>
<post>

						
						   It is my firm belief that the US MUST make war against the pornography industry.  This article mentions Utah's new Sex Tax that I believe is good start.   urlLink The Salt Lake Tribune -- 'Sex tax' unfair, lawsuit claims  

						
</post>

<date>14,May,2004</date>
<post>

						
						   Every conflict the US has been faced with has met with obstacles.  Recognizing this, the President, draws from history.  See this interesting article from Yahoo:   urlLink Yahoo!  News - Bush Seeks to Ease Republican Worries on Iraq  

						
</post>

<date>14,May,2004</date>
<post>

						
						   President Bush continues his campaign to improve the US economy.  Despite the cackling of the liberals in the nation, the President continues to push forward in pursuing what is best for Americans.  An example of this is  urlLink this story  in recently released by AFP.  This is a leader that understands the US’ dependency on the other nations of the world to improve the economy of the homeland.  Like Reagan, he is actively pursing the opportunities of brining some of the money from other nation to ours.   

						
</post>


<date>29,April,2004</date>
<post>

    
       Hey everyone!  I just wanted to announce that the winter semester has ended!  YAHOO!  I finished my term paper on the Sacramtent and the Passover.  It was a lot of work.  I will be posting my grades later for anyone that cares.  You can read it by clicking on this link  urlLink TERM PAPER    
    
    
</post>

<date>11,May,2004</date>
<post>

    
       Hello all!  I just wanted to let you know that I got straight A's during the semester.  I was really surprised.  I don't think I've ever had straight A's in my life.  Just goes to show what a little encouragement from a wonderful wife can do.  Anyway, thanks for visiting this new site.  I hope to keep it updated often.  -Mike Farmer 
    
    
</post>

<date>22,June,2004</date>
<post>

    
        urlLink    All dressed up for Church Day&nbsp; urlLink    
    
    
</post>

<date>22,June,2004</date>
<post>

    
        urlLink    Sara on Father's Day&nbsp; urlLink    
    
    
</post>

<date>22,June,2004</date>
<post>

    
        urlLink    Proud Papa on Father's Day&nbsp; urlLink    
    
    
</post>

<date>22,June,2004</date>
<post>

    
        urlLink    Cute Abbie&nbsp; urlLink    
    
    
</post>

<date>22,June,2004</date>
<post>

    
        urlLink    Heading off to church&nbsp; urlLink    
    
    
</post>

<date>22,June,2004</date>
<post>

    
        urlLink    Abbie resting after her bath.&nbsp; urlLink    
    
    
</post>

<date>04,July,2004</date>
<post>

    
        urlLink    Our little angel.&nbsp; urlLink    
    
    
</post>

<date>04,July,2004</date>
<post>

    
        urlLink    The Family!&nbsp; urlLink    
    
    
</post>

<date>04,July,2004</date>
<post>

    
        urlLink    Caught!&nbsp; urlLink    
    
    
</post>

<date>04,July,2004</date>
<post>

    
        urlLink    Content to go to church for her baby blessing.&nbsp; urlLink    
    
    
</post>

<date>17,July,2004</date>
<post>

    
        urlLink    Happy Abbie&nbsp; urlLink    
    
    
</post>

<date>17,July,2004</date>
<post>

    
        urlLink    Wedding cake....a year later, and still delicious.&nbsp; urlLink    
    
    
</post>

<date>24,July,2004</date>
<post>

    
        urlLink    Abbie is SUPER cute!&nbsp; urlLink    
    
    
</post>

<date>18,July,2004</date>
<post>

    
        urlLink    Abbies poky hair!&nbsp; urlLink    
    
    
</post>


</Blog>