<Blog>

<date>13,May,2004</date>
<post>

	 
      hahaha..woohoo!!troy rokz man!!dam nice...ou xiang akilis!!woohoo!!haiz..dubbingluv gone liao la..wu yao ke jiu...sure gone liao...sherlyn read my previous entries!!haiz...realli dunno wat she gona do..0_0..haiz..nvm!..jus hope for 1 thing in my mind...dat is **********
     

    
</post>


<date>31,May,2004</date>
<post>

     
      hahahx...today go out wif talleah n ph!!woohoo!!mp is a big time chio bu sia..n then somemore so nice!!but heck la..c can liaoz..coz i still (L) my mario!!took np wif talleah n ph..n i look so bloody cock!!argh!!but nvm kk..talleah send me hme from heeren woohoo!nice gal man...kk gtg byez!!                                    ~LOvE mArIo 4EvA~
     
    
</post>

<date>29,May,2004</date>
<post>

     
      gawd!i realli like u!!dun angry!!wish didnt hurt u at all times~n san...u r my gd fwen always..sms me anitime..no prob...we can still chat...hope u remember dat...wish u treat me as 1 too~                    ~LoVe mArIo~
     
    
</post>

<date>28,May,2004</date>
<post>

     
      woohoo!!!so cool~~sian manz..co train so hard..for jus the backdrop work!!stupid!!argh!!hmx...kris n ynt...u guys r the ones~~..woohoo!!better than c.a. kris..pls understand..heeeex...luv u ~The oNe~ maukz!alot alot..frm my heart dat lives for u!!~~
     
    
</post>

<date>26,May,2004</date>
<post>

     
      today go c claris...wohoo!chio bu sia..i tink~~~~mayb no?neh!!okok la..wan me today somemore kaoz!!horny little thingy!!...missin u..!!
     
    
</post>

<date>25,May,2004</date>
<post>

     
      lolx..cool on man..chinese chicken sia...haha..lac lac!she rox rox rox !!!!im crazy over u!!!give me a chance!!
     
    
</post>

<date>24,May,2004</date>
<post>

     
      woohoo!!today so interestin day!!...play b.ball until so late!!hahaha...so bloody tired!!wah!!woohoo!!cat high senior jio gal got standard manx...jio all chio bu onli today c 1 so chio!!but the senior not shuai..sad!!u rok 4eva!!muakz muakz..hersheys n snickers!!
     
    
</post>

<date>23,May,2004</date>
<post>

     
      hehe..today such a nice day!!!chat wif her until dam shaung man..so happy!!!...n im dead seriious im happy becoz of tis!!woohoo!!!joan n nicholas chia..hehe..gd luck man!!joan jia you!!get him liaoz..mus tell me!!hehee...i realli wish to (L) u ..not joan!!!
     
    
</post>

<date>22,May,2004</date>
<post>

     
      stupid!!!today sherlyn ask me go out wif her jiayi n ka chun..then i cldnt!!!all becoz of stupid co!!!ff!!!jackson!!no!!!man..sad man..n all becoz of dat..she dam angry wif me!!!stupid!!!:'(
     
    
</post>

<date>20,May,2004</date>
<post>

     
      hahahah!!!..woohoo!!cat high softball rox!!yeh man~~qiang ze's...hahaha...wan join!!!so envious...!!haha joan + isaac============>(L)
     
    
</post>

<date>19,May,2004</date>
<post>

     
      ha ha ha..raffles n st nics go our sch play baseball..but sad man..i nv go watch..hehe..y?..coz i not pervertic la..not like those 8oo students watching...haiz..gb rakwz man!!woohoo 
     
    
</post>

<date>18,May,2004</date>
<post>

     
      haha...today scare!!yingting at j8..so fun!!..haiz...but canot watch "bloody bro" wif them sad...but hu cares!!..as long as sherlyn likes the prezzy!!:D:D..woohoo!!buaiz!
     
    
</post>

<date>17,May,2004</date>
<post>

     
      got her prezzy ready n gd to go!!!
     
    
</post>

<date>15,May,2004</date>
<post>

     
      woohoo!!creatin another world record for not slpin!!..beta sherlyn can't  do it!!woohoo!!hehe..yeh!gtg bye..luv on
     
    
</post>

<date>14,May,2004</date>
<post>

     
      hahaha...yesterday met sherlyn n yingting at j8...haiyoz...then they keep on siaming me until i find them at mos burger haha...then i stare at sherlyn then ehr face red!!!so cute!!!haha...mus bully her!!so fun!!
     
    
</post>

<date>29,June,2004</date>
<post>

     
      aiyah...i wana say on my blog=simple  I LOVE U u noe hu u r
     
    
</post>

<date>26,June,2004</date>
<post>

     
      today was ch fiesta..blablabla...booorin~~...was suppose to meet calene at the fiesta...then i siam n siam n siam..wahahha..but she sad..n angry..BITTER!:'( pai seh worx!!i din dare...let the next meetin be the day we truly noe each other..fwenzy's
     
    
</post>

<date>13,June,2004</date>
<post>

     
      wahaha....on tis day~~hm...nice day..present day!!but i nv bao wo chance...onli got near..haiz~!!poooooooooem!!!:so far apart..but so close in heart!!woohoo!!                                                                                                                                 miss u alot..so much so dat u can't imgaine!!!!!!!!:')
     
    
</post>

<date>11,June,2004</date>
<post>

     
      realc...jus heck care lor...its nt smthin big a deal            poem time:yrs to make tis relationship...roads to take r worthy of as the ending will please u a thousand ways
     
    
</post>

<date>10,June,2004</date>
<post>

     
      chal manx..can u believe it!?!?!i like someone (cute cute cute)n to be truthful..i told her i like another gal..(tall tall freako)n i noe..cute gal likes me!!!i tink~..but she seems happy dat i like tall tall freako!!...no way if ur readin tis!!!breaks my heart..  *poem:the sentence u made has smashed my heart in a thousand pieces..wish u had realized n dat u'll get it back n cherish it even more*
     
    
</post>

<date>05,June,2004</date>
<post>

     
      fark!!all my fault!!!fark!!!1 incident 1 problem 1 ending..im dead...wifout u!!im dead!!dead..left to rot..left to rot all over...:'(...but mayb ur rite~jus infatuation..or mayb not...u may not feel it...but i do...seriously...i miss u all over...miss the time everyday we spent on msn...but if u tink its not there...i gota respect..coz i still realli (L) u...fwens!                                                                       ~HeArT toRn~
     
    
</post>

<date>03,June,2004</date>
<post>

     
      feel dam empty fark!  if i was cold~sori!!i got no mood~~real sori!!especially ~lyn~...didn't mean to....                        ~LoVe mArIo~
     
    
</post>

<date>01,June,2004</date>
<post>

     
      hols  r sssssuuuuper sianx!!!wth!!!kaoz...co concert was a success manx!woohoo!!break on!  till next mth...haiz...n im sick rite~very sick..dunno shld go movie anot~~!!bloody!kill me manz!!
     
    
</post>

<date>23,July,2004</date>
<post>

     
      U wana hate me hate me lor..dun care le la...u next time c a closed mouth beta or a open 1 beta lor..dunno la..jian shi shao..haiz..poem timy!!^_^..tink again when u speak n b4 u speak,think! 
     
    
</post>

<date>13,July,2004</date>
<post>

     
      long time since blogging siaz...haiz...so many things happened!...ya..n i gona say it no matter hu cares!so sian liaoz...mmmm....y gals keep saying i flirt?!?!...i dun two time..n i cldnt even get into 1 gd n proper relationship!!not even fit to be flrit ok!n dats make me  a loser all round :'(...y when i break...there's always some1 new to comfort me...then when i get wid her..pple cal me a flirt :'(...wif every gal i like i relli relli felt for them..relli like them de..excruciating pain when i leave them..but hu understands?haiz...n every relationship for me has to meet so many things...fucking things!...n now when i n CALENE r so happy...pple hav to cal me a flirt..askin me to stop flirting?...asking me to not despo....asking me to stop getin into relationships...like i can help it!?!??!...but no matter wat..i relli relli like her..no 1's gona break us...tis time..im not serious...fucking dead hell serious..unless..she doesnt like me anymore..i wld luve her foreva!n im saying this in all eyes hu read....         I LOVE U  till the day ur heart leaves for another..mine wld not change...n i'll try my all very best nota hurt u...
     
    
</post>

<date>01,August,2004</date>
<post>

     
      i dunno u!!do i love u?or....miz u...im waiting painfully...r u?dun affect me...pls... 
     
    
</post>


</Blog>