<Blog>

<date>20,August,2004</date>
<post>

    
       
      ArGh... FUCKED UP  by that fucking  BLANCHE !she fuck lor..she think what..study hard hard sure will get good results meh?STUPID mean STUPID...no point trying to stufy so hard... FAKE  lor..she where got so GUAI? Abandon fwenship for the sake of  STUDIES ? SHIT HER ...she so clever den go Raffles Girls liao...still in Bedok Green Secondary fer wad..?i tot she very clever de?teachers' day if she go back i wun go back..even if go back oso wun look at her...her look sux!everytime act cute...think what?study got use meh?so back she SLAP her sia...in band one sumore...throw bands face sia...irritated by her FUCKING attitude,FUCKING look!still say wad  ZJMB ...ZMJ beta lor...she ish a useless member in ZJMB...throw our face sia..add wan jun in to REPLACE her even beta!grhh.....angry lar...see her  SICKENING  face den sian liao...hoping forward to see wad will happen on  T'CHERS' DAY!  
      
</post>

<date>19,August,2004</date>
<post>

    
       
      today Yu Lin cum sku at 1100..she say got family problem..mi dun believe leh...haha..den Mdm Phua never cum school.. Ms Soh  took her relief period...kanasai lor...she  SUX !she her face den me buay song liao leh...we eat sweets in  front of her she oso no reaction one..duno whether she ish human being anot sia...den Harvey n Kar Hong's gang got new group name liao ... 5566!  but ish  GETAI  that type...sing song fer  good brothers  one..haha...after school we got our klass party!$80 budget...so little..buy wad...they bought tidbits,soft drinks ice n pizza....the pizza only 2 leh..each pple only abit nia...hai..so niao sia...=P den bao shun's aunt cook beehoon n curry chicken for us...nice but mi dun take spicy food one...we got gib Ms Teo some of the food lar...hhaz..we all like siao one...here shout there shout..but very funni leh..angela low never scold us leh!miracle happened...den suddenly got very big wind..blow allthe paper plates on the floor...hai... GHOST  again leh...so fun sia..i help Kar Hong,Harvey,Bao Shun n Xing Yong clip their hair...nice leh! VERY CHIO ...den clear up the canteen n went back to klass..so noisy!Wa piang eh...like market liddat leh..all shout here shout there...den angela low cum patrol all disappear within 1 minute... POWER!  haha...den go bus-stop..so sway lor...mi bus last one to cum...hmm..end here...   
      
</post>

<date>19,August,2004</date>
<post>

    
       
      today finally finished my last exam whick is home econs...phew...study so hard sia....after school,stayed back....yuan ting say she wan to  f***  mi sia...so i decided to meet her at  hotel 81  today nite...hu wan cum along ar?say say her den she cry liao...cry baby...i tot she very big one..whole klass scared her?hahz...so badtx sia...den later  kar hong  say he wan  commit sucide  coz mrs. nair call him to hand in his book review...den he took his belongings n went to the block beside our school...n wan to jump down....OOOOHHH!fake one lar...he go  2nd floor  nia...jump oso wun die...at the mmost sprain his leg onli...den we ' PERSUDED' him to cum down n went to e canteen...we toked about ghost stories but turn out luffing coz bao shun changed it into 'funny' edition liao....den later suddenly the wind blow till all the papers fly... WoOOo !ghost lai liao...haha...later about 3.40pm liddat bao shun went fer his  CCA  den we oso went home...saw edmund at the gate dere so go  ka jiao  him...took his handphone and saw many cute n disgusting pictures...den went to the side gate bus-stop using the 'long cut'..saw johnny,kelana,mr ng and weiting...den all went off left mi one people at the bus-stop...took my bus n on the way sleep till my  saliva  oso cum out liao...yux!disusting sia... =P finally reached home...mi now go bathe liao...later hab to go  hotel 81  meet yuan ting leh... 
      
</post>

<date>16,August,2004</date>
<post>

    
       
      wahaha! three days nv cum in liao...gt many presents leh...lay yen bought me a pig...qiu yi bought me nice nice cups from japan,my didi bought me a necklace,bracelet,earing n 'gift a name' the name keychain...my jiejies gave me a bag,a pencil case,a necklace n a pair of my dream shoes...my mum gave me $420, my korkor $200 n my god-mother $300...happy...still waiting fer my dad to gib me present..hahaz...today quite fun lar...i got Geography test...i studied very hard coz i wan prove that i can oso excel in both my studies n cca...i wan to be like my pro senior,serene...so how?WORD EXTREMELY HARD lor...den tml gt History test...oso muz work hard....after school i went home with Hwee Lee to take my storybook fer the book review coz she lost my book review...went back to klass n it was terrible....so noisy...cannot tahan sia...play with paint n painted karhong's face n uniform....den Angela Low came down to scold us AGAIN!2nd time liao leh...den sumore the board got so many love love thing..luckily she nv saw it...den pass up the book review n went home...sian.... 
      
</post>

<date>13,August,2004</date>
<post>

    
       
       today morning go school...received my first b'day present dis yr....a gift a name bookmark from scze we...scze we ish not cuming to school tml to celebrate me b'day coz of her family problem...from the surface can see that she looks happy but i know that she ish not happy at all lor...she keep on fake fake laugh...the normal her very easy not happy de...but now she over-cover her sadness...hope that she can forget about the sad things....today me super suay ar...mayb becoz i am born in August 13...me today forget to bring my home econs textbook n my dearest WALLET....den borrowed $2 from Rina for recess and the home econs book from Melvin...home econs that time see Ms Queck very poor thing leh...last time i dislike her alot but now i tink she very poor thing...coz she fainted in the market...den today stay back in school...kanna scolded by angela low tt stupid shorty...we so 'QUIET' den she cum down scold scold scold...extra lor..she dislike band member alot...every time scold us de...idiot hor?hmm...1 more day to me b'dae...happy sia...duno how victor will celebrate wid me...  
      
</post>

<date>12,August,2004</date>
<post>

    
       
       AH!!!!Qi Si Wo Le! Kelly lam from saxephone say she wan be the DRUM MAJOR of our BADGE...possible meh?Her music everything not very gud leh...although mine oso no gud but me nt as THICK-SKINNED as her leh...if wish to be either Band Leader or Band Major still gt 10% chance...be Drum Major ar?Hmmm...0.0001% lor...Cai Xuan ish more suitable...her height,her music , her basic marching n her figure all beta den Kelly lor..wan be oso Cai Xuan be!me noe very buay song sia...she say she wan be like Derrick...but actually she wan to control the whole band lor..she's still a junior n she can criticise on other sec 1s' basic marching?she think she very gud meh?she still a junior oso lor...what make she thinks tt she can scold pple?Den call her guess hu will be the Band Leader and Band Major in our badge den she say is the Amin and Wan Xuan be...Wah!All 3 types of band leaders saxephone BAO liao lar?Haiz...gt so BU YAO LIAN de ren meh?duno?Hu CARES?!  
      
</post>

<date>11,August,2004</date>
<post>

    
       
       ah! finally reach home liao...today so boring sia...so school den still like normal day lor,play here play dere...one thing unusual is hor,kenneth today dun hab any reactionwhen i scold him sia...ahaha...gud!den juz now maths klass he sleep den kanna scolded by Mr. Yu! yeah!hmm... den i heard from edmund tt he eat his own fingernails...yucks!sumore plus e duno wad  sai .... humph...den went to band lor...basic marching 45mins den went fer sectional fer e farewell thingy and it went all e way till dismissal time...time flies siaz...we had a great sectional coz all tokin rubbish...Aidah and Huda didn't really tok much coz we spoke chinese...really felt sorry fer dem leh...den dismiss liao went to mamashop wid Aidah...she blanja me sprite ice den went home...den now writing blog lor...sian hor?but today heard some news tt actually our band was invited to go fer the NDP one...but he rejected it....izit becoz our band lost?i dono...    
      
</post>

<date>11,August,2004</date>
<post>

    
       
      haiz...yesterday i heard information that paul chua iz going to cancel the farewell thingy...why?izit becoz we lost in the SYF??itink tt's y t day thomas cry in e band room...stupid paul chua...pple happy can liao mar..as if iz his business like tt...principal big deal meh?oso nt president mar...hai..really hope tt there will still be farewell going on...my section planned so hard fer the farewell leh...humph....cancel liao den i will hate him even more...so now how...?? 
      
</post>

<date>11,August,2004</date>
<post>

    
       
           haiz...finally created dis blog liao...wasted me so much tym sia...today was so boring...no sku...stay at home do nth...ytd was national day lehz...siting dere hoping tt i can see tajong katong band performing but dun hab leh... sadz... mi b'dae cuming liao..duno wad will charles n victor gib me...haiz...       
      
</post>



</Blog>