<Blog>


<date>21,August,2004</date>
<post>

	 
       having a slight headache while writing this entry.. woke up at 9 plus today, quite early considering its a saturday morning. followed dad to his company doctor at habourfront. WOW! the view from the doctor's was wonderful.. i could see the sky meeting the ocean.. never knew tt there was such a nice view in singapore! compared to my room where the view of the sea is coverd by the trees. sigh.. how nice if i could stay in a house with such a nice view in the future.. haha. i am dreaming! then went for my dental appointment. dunno why i felt hesistant to step in the clinic, but lucky it din't hurt tt much. i hurts now and while i eat though.. oh, then i went to play soccer with thomas n kenneth at a field near my house. played for the mad cows! we won 2-1! but poor jiawei wasn't so lucky in athens. anyway she tried her best, very proud of her. u rock girl so keep on rocking!!! Go for bronze yeah! now very very tired.. may have to go to grandmas for a while later. that's all for my saturday. boring i guess, but eventful. glad tt scv showing soccer this weekend again, hope i don't have to be kept in suspense every week before kickoff. come on u guys at espn, take it easy on scv. we need our soccer! dad wants me to study now.. so i got to go..   "You will never forget your first love. That's what makes it so special. You love so hard, so deeply, and so intensely because you don’t know any different. It's the best until it is over. Then you hurt like you've never been hurt before. Eventually you love again, but you love differently. You will love more carefully, more cautiously. Just know that there is so much more love waiting for you, but there will always only be one first."  
    
</post>

<date>20,August,2004</date>
<post>

	 
      Hi! this is my first ever entry! haha.. actually i dunno why i decided to start my on blog. firstly i don't think i have the time and discipline. but since i have gotten this far, why not right? hope i continue to post many many more entries in the future so you people who happen to stumble on my blog can read about my thoughts=) this is the first time i am actually writing a diary leh(i know i very very lazy) so not very sure what i going to write about.. ok, i shall start with what i did today! went to watch movies with the guys from my class s22!!!! Yay.. very glad most of the guys were there! really enjoyed their company and of cousre the movie AVP! will try my best to make time for them when i am not soccering. have been a little sick for the past week. sigh.. when am i going to get better? i really don't like the feeling of always having a blocked nose and sore throat!!! I skipped training for like 2 weeks so didn't feel good during training on wednesday, thankful to imran for not getting pissed with me for not running enough even though we were losing. soccer guys all very nice to me even though i always play dissapperaing act with them and hang out alot with my class. very lucky i have such nice dudes in the team. must get better soon so i can resume full training. tip04 singapore leg ended last week.. kinda missing all the wonderful ppl who i hung out with for the past 2 weeks plus. hope that they are all doing fine! we must all study hard so that we all make it to taiwan safely, u guys know what i mean ;) really enjoyed every second spent with you guys, u guys rock! 
    
</post>


</Blog>