<Blog>

<date>25,June,2004</date>
<post>


       
      how long was it when i didn't update my blog, hahas lets not discuss anything abt da past  i am very sad today, i went to da barber to cut my dearest hair !!! why !!! why !!! why !!! why do i haf to cut my hair... why is da holidays over so fast, T_T cant i keep my hair longer, i almost haf da length to cut da style i wanted very long tym ago... why am i living in singapore why cant i be in other countries tat are very flexible why !!! why !!! why !!! sobx sobx    sobx    sobx    sobx    and worst is tat my mum juz nice pass by da barber shop and went in, she said tat it was too long then da barber cut it shorter, every cut from tat scissors on my dearest hair is lyk pierceing dagger in to my heart so painful... ARGH !!! after cutting my mum still say it was too long !!!  WAT AFTER CUTTING SO MANY cm OF MY HAIR STILL SO LONG !!! DUN FORCE ME TO KILL U OK, MUM !!! cut until very orbit looking  haix haix haix haix dun dare go out for until my hair is grown back can any one tell me how to grow my hair faster ar pls tell me how...     euro2004 is da tym to earn money betting tym is here... go to singapore pools and bet all ur $$ in it and win !!!  recently i haf been richer my betting money in euro2004 won lossa cash, but i gonna keep it for sec 4 i am gonna redesign my hair and buy lossa of new clothes !!!  gals dun faint when u see after sec 4, i gonna electrify u all  muahahaha muahahaha  yawnZz...  didnt slp yesterday becos of euro2004 i go and catch a nap first  *~cHaoZz~* 
     

    
</post>

<date>14,June,2004</date>
<post>


       
       To Spend Forever   I give you my heart Mind, body and soul, I give you my love For you make me whole. I give you this promise The promise to try, I give you each breath And the tears I cry.  I give you my past My future and now, I give you my thoughts My hope and this vow. To give you my voice, And the music I sing, I give you forever, I give you this ring.  I give you my world, All the pain and strife, I give you my hand Learn to share my life. I give you this kiss And these words I say, "I'll cherish you always As of this day."  I give you my faith That these words are true, For today, I swear, To spend my life with you.           isn't this poem nice? someone who is declaring his/her love for someone, this poem makes me remind of someone who was there for me most of da tym...  anyway, da past few days were all soccer stuff... due to da euro 2004, i haf been slping late  lyk 6 in da morning, u all can see me as, Marcus aka Panda liao le, hahaz  France Rocks, Sweden too... hahaz i gonna die already, cus doctors say tat if a person who doesn't get enough slp, why burst a few blood vessals...  hahas, i tink not only me will die those singaporean soccer fans will die too, hehehe, evil ar me only Alex, da cat hehehe, will understand how it feels to not haf ur beauty rest hahaha...  i am gonna go to gym to go workouts, after tat i gonna go swimming 36 laps, hahas tml u all will see on da newspaper,  SOCCER FAN, ONLY 15 DIED IN DA POOL, FILLED WIF BLOOD AFTER BURST OF BLOOD VESSALS... hahahaha, ok la... i go slp liao le or not realli gonna mati !!! 
     

    
</post>

<date>11,June,2004</date>
<post>


       
       Saturday, 12 June, 2004   woke up early in da morning to help me mum wash da house u, foyooh... i slept quite late yesterday, and my mum expects me to wake up at 5.30 to help wash da house... why muz she wash it so early... got a earful from her, "why are u coming back so late nowadays ar, blah blah blah..." when i opened my eyes, she started nagging at me... cannot tek it, i will one day run away from my house.hahas my mum dun even noe how old am i -_-" wat kind of mum is this. then she tinks tat she understand me very well.  she doesn't noe my ambition,  she told me to stop skating, cuz da neighbours will complain abt me? i didn't even skate near my house... da place where i skate normally is lyk 3km away... how can da neighbours hear wat i am doing? aren't she lame... she kept nagging, ang nagging. until 10 am plus...  aren't her mouth tired. i feel lyk telling her off. she complained abt my frenz... "they only noe how to play play play, why can't they say, marC wanna go LIBRARY & STUDY" is goin to da library and study my type? NO!!! eventhough she is my mum, and me her son, we are lyk mere strangers. act to noe me... wat a hypocrite, hate this type of person...   10:30am world peace... my mum stopped nagging... yea, yea, yea and she is goin out... hohoho i am free again, no need to worry tat she will nag at me again, or at least not for now...  hmmm... guys i gtg, something happened again... i will update wat happened tml... hehehe    Thursday, 10 June, 2004 & Friday, 11 June, 2004   woke up at 12pm today... heez i need tat slp cuz today is a TORNING day...  prepared for soccer and left house at 2... reach fandi field at 2+ WA!!! i am da earliest, again, haix... da match starts at 2+ and i am da earilest eventhough it was almost 3... hopeless team. hahaha... no lahz...  mustafa, and da other older players came sooner... then jiun yi and wan came too... tat wan wants to prove tat his skating skills rocks more than me but he cannot even ollie properly...  ahahaha wat a gay =X we played against a pro team... our percentage of winning was lyk less then 20% da match ended at 6+ due to so many late comers after da match, andrew brought some of use together Yu Xiang Jiun Yi Jeremy Timo HsX and discuss how will we spent this night... andrew said tat tml(11 june 2004) will be his bdae liao le... he wants to torn all da way until tml, so we went hme... bath changed and we went to K BoX, we went there and had lossa fun singing songs... i didn;t noe tat alex was so 'good' in singing... da waiter tat came in to deliever us our drinks, laughed at alex wen he was singing, hahas so fun, lossa song, lossa fun, and most importantly lossa pix !!! we sung all da way until 3 am morning... our throats were lyk, as dry as a desert,hahaz when da bill came we were lyk, WAT !!! $185.31 cents wat gayness =X each of us took out $26 except for andrew cuz he order more things we paid $185.30 but da waiter said he was short of 1 cent !!! OMG, then jeremy said, "why muz haf 1 cent no need lah..." but da waiter insisted on da 1 cent  so jeremy stood up and gave him 10 cents and said, "keep da change" hahahahaha we laughed cuz of his tone and da keep da change... another funny guy of mine we left there at 3 am, after tat we went to walk walk around, we took a cab to geylang to eat they most famous you tiao wif soya bean and guo tie... so delicious... yum yum,  i wanna eat tat again tat idiot andrew wans to celebrate his bdae a very speacial way guess wat he wants... he wans to haf intercouse at geylang, u all shld noe wat i mean... oh btw, andrew is 18 liao we told him not to... after toking to him for lyk 1 hr then we left tat idiotic place and walked to kallang MRT station we took da first train back to marina bay,  HsX, yu xiang & quan went hme first cuz they cannot tek it anymore they haf to slp, hahas andrew, jeremy, alex and me went to douby gout, changed train to pungol... from pungol we sat to harbour front again... hahahas then to pungol again...heez at last we dropped at lil india at aroung 7.30am we stepped out of da MRT station and head for sim lim square, hahas i tot tat sim lim will open at 8 plus, but NO !!! it opened at 10+ we went to da top floor and found a cooling place and sat down to chill out andrew slept on da floor for a few mins, jeremy, alex and me we hip hopping  we tried many moves... hahas i caught on on my cam...  it was cool went for break fast, alex was so hungry tat he got a large bowl of noodles we heard shops opening... we thank god tat it was 10 am and we rushed to a shop and we found da thingy tat i wanted...  it was tat 64 mb memory card tat we waited from 7.45am until 10am... =_=" when we went back to da MRT station and we spilt up, jeremy went to his new girl-fren's place, they juz knew each other and tat gal invited jeremy to her house, hahas andrew and alex went back to yishun and they could still catch a movie,  'The Best Bet' they are really TORN KINGS i went to paris ris, downtown east chalet  lesner's chalet... i went there and MAJONG MAJONG MAJONG...  until lyk 2+ i went to da MRT station to fetch lil princess Lyd met taurus and Zi gui, kim and xiao hui on da way... Lyd and me went for WILD WILD WET... we went to da shiok river first lazy in da river for a while then we went to da wave pool... we almost drowned at da wave pool, hahas quickly swam back to 'shore', heez we had some sun tanning work done... wahahahaha... guess wat i did, i stole a float from someone... hehehe then we went to da shiok pool, Lyd was very timid i shld say, hahas she didn't dare to lay on da float, Lyd u shld noe wat i am refering too, hehehe, she was relaxing while i was trying to catch up wif her at last, i stole another float... hahaha its tym for me to relax i lay on da float and SLEEP !!! until Lyd woke me up, haix... hehehe we saw da jet experts showing off their skills... we wanna leave liao le... Lyd wans to bath but she was shy to bath at lesner's chalet, she went to da toilet and saw tat there where alot of ppl bathing too she hates to wait, so she juz haf to thicken her skin and tek a bath there after we had our baths,  we packed up and left da chalet...  idiot frenx, kept teasing Lyd and me went to haf dinner, yum yum then to MRT station took some pics of lyd and myself dropped at tampanies, brought a ice cream of Lyd  she bought a PORFAIT ice cream from mac she then asked me wat is da fruit at da bottom of da ice cream how would i noe tat, hahas so i juz answered her :"erm... porfait?" heez... Lyd and me slped on da bus...  while i was slping i found out tat my body was lying backwards then i was lying frontwards after tat my body wan lying rightwards and lastly, my head almost lyed on Lyd's shoulder then i woke up saw Lyd sleeping too...  i wanted to tek a pic of her slping but my hands and body was too lazy and tired from all da torning and excerices, hahas soon we reach yishun, saw Lyd to da MRT station she look very weared out too sweet dreams lyd,hahas went back hme, threw my back aside changed my clothes looked my bed, jumped into it  ZzZzZzZzZz  good night folks SNORE!!!         
     

    
</post>

<date>08,June,2004</date>
<post>


       
      guys, i lost my previous blog password so i am gonna cre8 a new one... hahaz... how did i forgot my previous pasword... haix... anyway i will transfer all my previous blogs here too...  As for today, had a nice slp... didn't want to wake up cuz last night i went to sam's place for STRICTLY for 3ebs onli... srry azwan... i didn't noe tat they realli only want 3ebs nia... paiseh...went out wif azwan and timo at 4.15... as always we are surely late... i tink i was da reason for them goin late... i said to them tat i will be goin abit later cuz i was helping my sis do something, but actually my ass didn't want to leave tat cosy bed of mine... but still i went out at 4 !!! when we were meeting at 4.15... DUN BE LAZY MARC!!! brought my skateboard to orchard, timo also brought his... reach orchard, we went to far east, da main reason izza to buy clothes... but we went to makan... and follow timo to buy his bearings... Azwan shoplifted !!! wat a gay... after shopping awhile and we didn't buy any clothes !!! azwan and me went back hme... timo need to meet his mummy... we took da train to marina bay... and back to yishun... slped all da way to ang mo kio... da train has some faults, WHEN I AM HAFING MY SLP!!! azwan woke me up and we got into da other train... azwan went hme at khatib... i went to woodlands to skate wif a few new frenx... until it was 10 am... took a cab hme... cuz i was late for my favourite show of da day !!! hmmm... very slpy.. i need my beauty slp... heex,  mUacKzZ   Sunday, June 6, 2004  YEAH!!! can finally use da explorer!!! my com finally got repaired...   Long tym nv blog, dunno how to start, hmmm... ok, here goes...  VERY PROUD OF MY MARKS !!! hehehe...my CHINESE IS BETTER THAN MY ENGLISH !!!(WTF) how can tat be... did quite well... hope my final will be better... heez  last thursday went out wif Lyd for movie... she was late lyk 30 mins !!! heez.. nvm i was late most of da tyms too... went to far east first to tek neos... dissapointed wif da neos... i made a mess out of it, sianz... srry lyd... but de other one is quite succesfull... phew, if both are dissapointing then i will be dead =P went to lido at shaw house... bought nachos... lyd was standing among ALOT i mean ALOT of ang mohs, she was complaining tat she was extra cuz she was da shortest among da ang mohs... heez lyd i can understand u... shorty =X opps... no offence... heez... I GOT DA BEST SITS... heez lyd shld understand wat i meant... heez... after tat 'slowly' walk all da way to ceni... makan LJS and we proposely sat on da table even after finishing our meal, not allowing ppl to use our table... good acting skills lyd... hehehe... went all da way to marina bay and sat to sembawang... saw lyd hme... she was so 'fun & enjoyable' but babe u brought me lossa laughter and joy... miss ya...  last friday... got a match wif kana's team... WE WON 12-0 in first half !!! heez... moral boosting match...   yesterday... went to meet HsX, yuxiang, jiun yi, terance and er quan... went to ceni to wait for tat jeremy.. he went to meet gal ARGH !!! bastard kia... went to play lan there to... kept losing in CS... sianz... all terance fault... keep on dying... i sold my GB acc for $ 120 there... hehehe... shiok man... abt 8.30 we left there and went to marina bay to makan steamboat... had lossa fun playing wif food? yes, jeremy throw food around cuz it is free... we scolded him for wasting them and force him to eat da chicken wing... the boss there was so good... we gave us free ice cream lehz... hehehe... went to arcade to play until 12+... couldn't get da last train... haix... went to jurong east and from there to yishun... haiz... wasting tym... back at abt 2.45am+... slpped lyk pig =P  TODAY !!! after tat boring service at church went to meet azwan at a bus stop... took a long ride on 851 to sim lim square... my butt hurts... went to hunt for digi cams... azwan and me went into a cheater's shop... we asked :" can u recomand a good digi cam for a butget of $300..." then he took out a digi cam for $299... we said tat we will consider it... went i was walking out of da shop, da boos said, :" erm... ok, if u want i gif u $260" i said i will consider... after tat he lowered it to $220... then azwan was lyk, lets act to go off and see whether he will lower it or not... EXPECTED, he lowered it to $200... then we went in again... he told us lossa crap, then he took out one olumpus digi cam, can continue cheating us... saying tat olumpus digi cam lyk it is so darn hell good... i see da components liao i dun lyk already... he kept trying to make me buy da olumpus one... we are not stupid lorz... we cannot see da components mehz... da samsung one is better lorz... we juz insisted on da samsung one... we then say tat it has no gurantee... ok lor.. nvm... cuz it is $200 dun haf garantee, nvm... tat digi cam doesn't cost $200.. it was at least $290... he surely will not want to lose after failing cheating us... so he juz said tat he doesn't want to sell it to us... we were so angry and we stomped out of da shop... ARGH !!! wat kind of shop izzit... went to 2nd story.., finally after many many considerations... i from this honest shop tat sold me a digital cam to me for $310... he was so good... he gave a digi cam cover and many others... he sold his 64 mb memory for $50 also... a very good shop... hahahaz... went wif azwan to find his senior, eugene... he was working in sim lim too !!! his objective was to find a good MP 3 player... we actually found a good one at first, but we insisted tat we shld go look around first... so eugene brought us around... tried many MP 3s but da best was tat i mentioned... so we went to buy it... it was $150... cheap ar... so many features... internal FM, can change language and many other... i brought da digi cam to juz now tat cheater shop and showed tat cheater i bought a digi cam better than his... his face made me feel so, how to say... SHOIK !!! nv felt so shuang in many days liao... hehehe... went wif azwan to a shop named, 'Yes Boss'... foo!!! their food was SOO nice... although it was EX but it is so nice... ate till we were so full...took bus back hme... wat a happy day...   Thursday, May 6, 2004  Ms Chua !!! u rox to da core!!! best bio teacher in NSS... YEA!!! too bad she is leaving us this coming friday... so sad... her teaching was sooooo fun !!! i'm gonna miss her and her teachings for da rest of my sec skool years... her explainations were like, WOW, so understandable... ask her any questions she will try to qns wif all her might... and da most important thing is tat she is funny... hope she will pass her teaching coarse and come back to NSS and teach us... thx Ms Chua... for teaching our class and u brought so much fun and laughter to our class... hmmm... recess, some1 juz poped out and tok to me ~*_*_*_*_*~ had so much fun after skool... went to eat PIZZA and have a farewell party wif Ms Chua... had lots of pix taken wif Ms Chua... hahahaha.... nice day... vik wants to try to steal the 10 year series ans sheet... but he put it back at last...   tml got MT test... gTg liAoZ !!! bUaiZzZ...   Thursday, May 4, 2004  Rushed 2 skool again to do my hmw... i was so worried tat i'll not finish my chinese compo cuz my teacher is MDM HO, 1 of da most idiotic ****ing teacher in NSS... lucky and thx yvonne for completing my compo, and thx to u too Zigui for helping me do my another chinese hmw... phew, heng i have so many good frenz helping me... chinese spelling is also today... forgotten to learn the words... but nvm it is onli 15 words very easy to learn... having 4 periods of maths today... dun lyk tuesdays!!! drats... we made Mrs Vannan hell pissed wif us... after teaching for 2 periods, Mrs Vannan quit teaching us and onli taught those tat listened to her during the first 2 periods of her's... after skool, went for lunch... avoiding 3 ppl, muthu, amba and another person... went for bio remedial tat was so very fun... Ms Chua, 3EB loves u... dun leave us plz =( she is leaving us this coming friday, so sad... 1 of da best teacher around... haiz... we were playing the 'remote control' thingy, hahaz... so fun laughing so much... Ms Chua drew a picture tat looks lyk a 'cock'(hehehe), and asked me wats the long thing in the villi, i ans her:"cher, it is the uretha, rite?" hahahahaha... whole class was like laughing their ass off their butts... haha... after tat i juz when hme lorz... nth special to do nowadays... sianz ----------- *~cHiLLz oUt~*    Sunday, May 2, 2004  hmmm... bad day for me... FORGOTTEN tat there is a grooming check today !!! forgot to cut my hair, nails, and i wore my bball shooe and BLUE socks !!! i am so darn dead... firstly karmariah checked my nails... second vannan checked my hair and discovered i dyed my hair !!! third muthu MEASURED my hair length wif a ruler and amba scolding me for my shoes... wat a bad day... after skool ended, i went to the toilet and wet my hair to wash off my hair wax, i wanted to dry my hair under the hand dryer, but the dryer was spoiled... i juz have to use the toilet paper to clean the wet hair... it was so disgusting... i stood like 30 mins to wait for the hair to dry up... went to general office to let muthu check my hair... phew, he tot tat i went for a hair cut and juz let me off wif out checking my hair... HORAY !!! went to mac to get lunch, Wan and gang made me very pissed off so i juz walk off angrily, but i got my lunch... heez...    3rd May 2004,Sunday  as always to go for tat idiotic church service and cat class... woke up early sad,cuz of ytd's problem, but i will not cry !!! i am MAN !!! went wif my sis to church... i was like half-asleep half-woken...stand kneel, stand kneel for 1 hr+... FINALLY, the service has ended... rush off back hme so tat my mum and sis will not drag me to cat class... lucky for me i got away from the cat class... lied to my mum saying tat i am goin to nigel's house to study, actually i went for skating!!! it was so very fun... the most funiest part is Wan broke his skateboard tracks, then ltr his board got splited into 2 when he wanted to 'challenge' the durability of his and my board... wAhhaAaha... i guess i laugh too much abt his board tat my tracks broke too... but we got them changed at Wan's house... i got nice food today... heez chaoz   1st May 2004,Saturday  nth much happen today except for the evening time... went skating da whole day learned a trick or 2 from rahman... evening i got a heart warming msg tat led to a heart breaking msg... i was jected again... heart broken... felt sad... but nvm TIME will heal all wounds, cheer up marc cheer up... too sad liao... cHiLLz ouT !!   Friday, April 30, 2004  woke up hell early today... 6 pm =P suddenly rmbed tat i got chinese hmw to complete... rushed through the hmw and rush to skool... A-MaTHS !!! we shld have 1 period of a maths for today, but the SS teacher did not came wif the 'help' of vikky, mrs vannan took over the DOUBLE period SS today, so we had 3 hell periods of a maths today... after skool i have to complete my project... kim taught me how to touch up the final part of the project... but the teacher said tat the deadline has been changed to next friday -_-   went back hme and went out wif terence and azwan and frenz... went to beach road to get a brand new bag... hehehe... after tat i went hme to get my skateboard and went out to SKATE !!! yeah!!! skating rulez... i now realli noe how to do the ollie liao... hahaha... came back hme at 6.20pm... after bathing, and eating... my mum starts to nag and nag again... let her say lorz... 1 ear in 1 ear out... aiyah dun tok abt her liao... hmmm, got lots of hmw to do... gtg bye 
     

    
</post>


</Blog>