<Blog>

<date>17,junio,2004</date>
<post>

     
      Estoy dispuesto a experimentar. Y espero que también lo estés tú. Esto vale para todo, desde comida hasta sexo.Tu tendrás tus fantasías y yo las mías. Compartámoslas. 
     
    
</post>

<date>17,junio,2004</date>
<post>

     
      Nunca he trepado arboles, ni he tocado nieve, ni he hecho la "vuelta canela".
     
    
</post>

<date>17,junio,2004</date>
<post>

     
      yo escribo lo que parecen ser prosas, y poesias tambien.
     
    
</post>

<date>17,junio,2004</date>
<post>

     
      me gustaría que tuvieramos algo más de que hablar, aparte de lo usual.
     
    
</post>

<date>17,junio,2004</date>
<post>

     
      Puedes ser pelirroja... o morena... con cabello largo rizado... o cabello negro corto... o el cabello azul como un personaje de animé mientras te quede bien. no importa si te maquillas en exceso o si no lo haces mientras seas atractiva para mi. puedes ser Punk, Skater, RudeGrrl, lo que decidas. 
     
    
</post>

<date>17,junio,2004</date>
<post>

     
      Disfruto los dibujos animados. Me gustan las "comiquitas". Animé, Manga. No tengo una película favorita de por sí, mas bien tengo una gran lista de peliculas, canciones libros y animés que me gustan... desde "Fight Club" hasta "El Rey León"... desde "Evangelion" hasta "Pepper Ann"... Escribo obras inconclusas. También poesia y prosa. Me identifico con mis signos astrologicos: Serpiente, Sagitario, Pavo Real. 
     
    
</post>

<date>17,junio,2004</date>
<post>

     
      Llevo ropa formal cuando trabajo, cuando la ocasión lo amerita o a veces por simple gusto. El resto del tiempo estoy en ropa casual. "Ancho" quiere decir: talla 36. He sido comparado con un oso de peluche. No sé porqué. 
     
    
</post>


<date>12,July,2004</date>
<post>


       
          /* Font Definitions */ @font-face 	{font-family:"Franklin Gothic Book"; 	panose-1:2 11 5 3 2 1 2 2 2 4; 	mso-font-charset:0; 	mso-generic-font-family:swiss; 	mso-font-pitch:variable; 	mso-font-signature:647 0 0 0 159 0;}  /* Style Definitions */ p.MsoNormal, li.MsoNormal, div.MsoNormal 	{mso-style-parent:""; 	margin:0cm; 	margin-bottom:.0001pt; 	mso-pagination:widow-orphan; 	font-size:12.0pt; 	font-family:"Franklin Gothic Book"; 	mso-fareast-font-family:"Times New Roman"; 	mso-bidi-font-family:"Times New Roman";} h1 	{mso-style-next:Normal; 	margin-top:12.0pt; 	margin-right:0cm; 	margin-bottom:3.0pt; 	margin-left:0cm; 	mso-pagination:widow-orphan; 	page-break-after:avoid; 	mso-outline-level:1; 	font-size:16.0pt; 	font-family:Arial; 	mso-font-kerning:16.0pt;} h2 	{mso-style-next:Normal; 	margin:0cm; 	margin-bottom:.0001pt; 	mso-pagination:widow-orphan; 	page-break-after:avoid; 	mso-outline-level:2; 	font-size:12.0pt; 	font-family:"Franklin Gothic Book";} h3 	{mso-style-next:Normal; 	margin:0cm; 	margin-bottom:.0001pt; 	mso-pagination:widow-orphan; 	page-break-after:avoid; 	mso-outline-level:3; 	font-size:12.0pt; 	font-family:"Franklin Gothic Book"; 	mso-bidi-font-family:Arial; 	font-weight:normal; 	font-style:italic;} a:link, span.MsoHyperlink 	{color:blue; 	text-decoration:underline; 	text-underline:single;} a:visited, span.MsoHyperlinkFollowed 	{color:purple; 	text-decoration:underline; 	text-underline:single;} @page Section1 	{size:612.0pt 792.0pt; 	margin:70.85pt 3.0cm 70.85pt 3.0cm; 	mso-header-margin:35.4pt; 	mso-footer-margin:35.4pt; 	mso-paper-source:0;} div.Section1 	{page:Section1;} -->           Signos de puntuación     border:none;mso-border-alt:solid windowtext .5pt;mso-padding-alt:0cm 3.5pt 0cm 3.5pt'>         padding:0cm 3.5pt 0cm 3.5pt'>        style='mso-bidi-font-family:Arial'>.               border-left:none;mso-border-left-alt:solid windowtext .5pt;padding:0cm 3.5pt 0cm 3.5pt'>     Punto y seguido              border-left:none;mso-border-left-alt:solid windowtext .5pt;padding:0cm 3.5pt 0cm 3.5pt'>    Period                 border-top:none;mso-border-top-alt:solid windowtext .5pt;padding:0cm 3.5pt 0cm 3.5pt'>        style='mso-bidi-font-family:Arial'>.               none;border-bottom:solid windowtext .5pt;border-right:solid windowtext .5pt;   mso-border-top-alt:solid windowtext .5pt;mso-border-left-alt:solid windowtext .5pt;   padding:0cm 3.5pt 0cm 3.5pt'>     Punto final              none;border-bottom:solid windowtext .5pt;border-right:solid windowtext .5pt;   mso-border-top-alt:solid windowtext .5pt;mso-border-left-alt:solid windowtext .5pt;   padding:0cm 3.5pt 0cm 3.5pt'>        mso-ansi-language:EN-US'>Full Stop                     border-top:none;mso-border-top-alt:solid windowtext .5pt;padding:0cm 3.5pt 0cm 3.5pt'>        lang=EN-US style='mso-bidi-font-family:Arial;mso-ansi-language:EN-US'>,               none;border-bottom:solid windowtext .5pt;border-right:solid windowtext .5pt;   mso-border-top-alt:solid windowtext .5pt;mso-border-left-alt:solid windowtext .5pt;   padding:0cm 3.5pt 0cm 3.5pt'>       mso-ansi-language:EN-US'>Coma              none;border-bottom:solid windowtext .5pt;border-right:solid windowtext .5pt;   mso-border-top-alt:solid windowtext .5pt;mso-border-left-alt:solid windowtext .5pt;   padding:0cm 3.5pt 0cm 3.5pt'>      Comma                     border-top:none;mso-border-top-alt:solid windowtext .5pt;padding:0cm 3.5pt 0cm 3.5pt'>        style='mso-bidi-font-family:Arial'>;               none;border-bottom:solid windowtext .5pt;border-right:solid windowtext .5pt;   mso-border-top-alt:solid windowtext .5pt;mso-border-left-alt:solid windowtext .5pt;   padding:0cm 3.5pt 0cm 3.5pt'>     Punto y Coma              none;border-bottom:solid windowtext .5pt;border-right:solid windowtext .5pt;   mso-border-top-alt:solid windowtext .5pt;mso-border-left-alt:solid windowtext .5pt;   padding:0cm 3.5pt 0cm 3.5pt'>      Semicolon                     border-top:none;mso-border-top-alt:solid windowtext .5pt;padding:0cm 3.5pt 0cm 3.5pt'>        style='mso-bidi-font-family:Arial'>:               none;border-bottom:solid windowtext .5pt;border-right:solid windowtext .5pt;   mso-border-top-alt:solid windowtext .5pt;mso-border-left-alt:solid windowtext .5pt;   padding:0cm 3.5pt 0cm 3.5pt'>     Dos puntos              none;border-bottom:solid windowtext .5pt;border-right:solid windowtext .5pt;   mso-border-top-alt:solid windowtext .5pt;mso-border-left-alt:solid windowtext .5pt;   padding:0cm 3.5pt 0cm 3.5pt'>      Colon                     border-top:none;mso-border-top-alt:solid windowtext .5pt;padding:0cm 3.5pt 0cm 3.5pt'>        style='mso-bidi-font-family:Arial'>!               none;border-bottom:solid windowtext .5pt;border-right:solid windowtext .5pt;   mso-border-top-alt:solid windowtext .5pt;mso-border-left-alt:solid windowtext .5pt;   padding:0cm 3.5pt 0cm 3.5pt'>     Exclamación              none;border-bottom:solid windowtext .5pt;border-right:solid windowtext .5pt;   mso-border-top-alt:solid windowtext .5pt;mso-border-left-alt:solid windowtext .5pt;   padding:0cm 3.5pt 0cm 3.5pt'>      Exclamation   point/mark/sign                     border-top:none;mso-border-top-alt:solid windowtext .5pt;padding:0cm 3.5pt 0cm 3.5pt'>        style='mso-bidi-font-family:Arial'>?               none;border-bottom:solid windowtext .5pt;border-right:solid windowtext .5pt;   mso-border-top-alt:solid windowtext .5pt;mso-border-left-alt:solid windowtext .5pt;   padding:0cm 3.5pt 0cm 3.5pt'>     Interrogación              none;border-bottom:solid windowtext .5pt;border-right:solid windowtext .5pt;   mso-border-top-alt:solid windowtext .5pt;mso-border-left-alt:solid windowtext .5pt;   padding:0cm 3.5pt 0cm 3.5pt'>        mso-ansi-language:EN-US'>Interrogation point/mark/sign                     border-top:none;mso-border-top-alt:solid windowtext .5pt;padding:0cm 3.5pt 0cm 3.5pt'>        style='mso-bidi-font-family:Arial'>“               none;border-bottom:solid windowtext .5pt;border-right:solid windowtext .5pt;   mso-border-top-alt:solid windowtext .5pt;mso-border-left-alt:solid windowtext .5pt;   padding:0cm 3.5pt 0cm 3.5pt'>     Abrir comillas              none;border-bottom:solid windowtext .5pt;border-right:solid windowtext .5pt;   mso-border-top-alt:solid windowtext .5pt;mso-border-left-alt:solid windowtext .5pt;   padding:0cm 3.5pt 0cm 3.5pt'>      Open quotes                     border-top:none;mso-border-top-alt:solid windowtext .5pt;padding:0cm 3.5pt 0cm 3.5pt'>        style='mso-bidi-font-family:Arial'>”               none;border-bottom:solid windowtext .5pt;border-right:solid windowtext .5pt;   mso-border-top-alt:solid windowtext .5pt;mso-border-left-alt:solid windowtext .5pt;   padding:0cm 3.5pt 0cm 3.5pt'>     Cerrar comillas              none;border-bottom:solid windowtext .5pt;border-right:solid windowtext .5pt;   mso-border-top-alt:solid windowtext .5pt;mso-border-left-alt:solid windowtext .5pt;   padding:0cm 3.5pt 0cm 3.5pt'>        mso-ansi-language:EN-US'>Close quotes                     border-top:none;mso-border-top-alt:solid windowtext .5pt;padding:0cm 3.5pt 0cm 3.5pt'>        lang=EN-US style='mso-bidi-font-family:Arial;mso-ansi-language:EN-US'>-               none;border-bottom:solid windowtext .5pt;border-right:solid windowtext .5pt;   mso-border-top-alt:solid windowtext .5pt;mso-border-left-alt:solid windowtext .5pt;   padding:0cm 3.5pt 0cm 3.5pt'>       mso-ansi-language:EN-US'>Guión              none;border-bottom:solid windowtext .5pt;border-right:solid windowtext .5pt;   mso-border-top-alt:solid windowtext .5pt;mso-border-left-alt:solid windowtext .5pt;   padding:0cm 3.5pt 0cm 3.5pt'>        mso-ansi-language:EN-US'>Hyphen                  EN-US'> &nbsp;         Abecedario        (Nombre/ pronunciación )           border:none;mso-border-alt:solid windowtext .5pt;mso-padding-alt:0cm 3.5pt 0cm 3.5pt'>         padding:0cm 3.5pt 0cm 3.5pt'>     A              border-left:none;mso-border-left-alt:solid windowtext .5pt;padding:0cm 3.5pt 0cm 3.5pt'>        mso-ansi-language:EN-US'>ei               border-left:none;mso-border-left-alt:solid windowtext .5pt;padding:0cm 3.5pt 0cm 3.5pt'>       mso-ansi-language:EN-US'>B              border-left:none;mso-border-left-alt:solid windowtext .5pt;padding:0cm 3.5pt 0cm 3.5pt'>        mso-ansi-language:EN-US'>bi               border-left:none;mso-border-left-alt:solid windowtext .5pt;padding:0cm 3.5pt 0cm 3.5pt'>     C              border-left:none;mso-border-left-alt:solid windowtext .5pt;padding:0cm 3.5pt 0cm 3.5pt'>      si               border-left:none;mso-border-left-alt:solid windowtext .5pt;padding:0cm 3.5pt 0cm 3.5pt'>     D              border-left:none;mso-border-left-alt:solid windowtext .5pt;padding:0cm 3.5pt 0cm 3.5pt'>      di               border-left:none;mso-border-left-alt:solid windowtext .5pt;padding:0cm 3.5pt 0cm 3.5pt'>     E              border-left:none;mso-border-left-alt:solid windowtext .5pt;padding:0cm 3.5pt 0cm 3.5pt'>      ef               border-left:none;mso-border-left-alt:solid windowtext .5pt;padding:0cm 3.5pt 0cm 3.5pt'>       mso-ansi-language:EN-US'>G              border-left:none;mso-border-left-alt:solid windowtext .5pt;padding:0cm 3.5pt 0cm 3.5pt'>        mso-ansi-language:EN-US'>ji                     border-top:none;mso-border-top-alt:solid windowtext .5pt;padding:0cm 3.5pt 0cm 3.5pt'>       mso-ansi-language:EN-US'>H              border-bottom:solid windowtext .5pt;border-right:solid windowtext .5pt;   mso-border-top-alt:solid windowtext .5pt;mso-border-left-alt:solid windowtext .5pt;   padding:0cm 3.5pt 0cm 3.5pt'>        mso-ansi-language:EN-US'>eich               border-bottom:solid windowtext .5pt;border-right:solid windowtext .5pt;   mso-border-top-alt:solid windowtext .5pt;mso-border-left-alt:solid windowtext .5pt;   padding:0cm 3.5pt 0cm 3.5pt'>       mso-ansi-language:EN-US'>I              border-bottom:solid windowtext .5pt;border-right:solid windowtext .5pt;   mso-border-top-alt:solid windowtext .5pt;mso-border-left-alt:solid windowtext .5pt;   padding:0cm 3.5pt 0cm 3.5pt'>        mso-ansi-language:EN-US'>ai               border-bottom:solid windowtext .5pt;border-right:solid windowtext .5pt;   mso-border-top-alt:solid windowtext .5pt;mso-border-left-alt:solid windowtext .5pt;   padding:0cm 3.5pt 0cm 3.5pt'>       mso-ansi-language:EN-US'>J              border-bottom:solid windowtext .5pt;border-right:solid windowtext .5pt;   mso-border-top-alt:solid windowtext .5pt;mso-border-left-alt:solid windowtext .5pt;   padding:0cm 3.5pt 0cm 3.5pt'>        mso-ansi-language:EN-US'>yei               border-bottom:solid windowtext .5pt;border-right:solid windowtext .5pt;   mso-border-top-alt:solid windowtext .5pt;mso-border-left-alt:solid windowtext .5pt;   padding:0cm 3.5pt 0cm 3.5pt'>       mso-ansi-language:EN-US'>K              border-bottom:solid windowtext .5pt;border-right:solid windowtext .5pt;   mso-border-top-alt:solid windowtext .5pt;mso-border-left-alt:solid windowtext .5pt;   padding:0cm 3.5pt 0cm 3.5pt'>      kei               border-bottom:solid windowtext .5pt;border-right:solid windowtext .5pt;   mso-border-top-alt:solid windowtext .5pt;mso-border-left-alt:solid windowtext .5pt;   padding:0cm 3.5pt 0cm 3.5pt'>     L              border-bottom:solid windowtext .5pt;border-right:solid windowtext .5pt;   mso-border-top-alt:solid windowtext .5pt;mso-border-left-alt:solid windowtext .5pt;   padding:0cm 3.5pt 0cm 3.5pt'>      el               none;border-bottom:solid windowtext .5pt;border-right:solid windowtext .5pt;   mso-border-top-alt:solid windowtext .5pt;mso-border-left-alt:solid windowtext .5pt;   padding:0cm 3.5pt 0cm 3.5pt'>       mso-ansi-language:EN-US'>M              none;border-bottom:solid windowtext .5pt;border-right:solid windowtext .5pt;   mso-border-top-alt:solid windowtext .5pt;mso-border-left-alt:solid windowtext .5pt;   padding:0cm 3.5pt 0cm 3.5pt'>        mso-ansi-language:EN-US'>em                     border-top:none;mso-border-top-alt:solid windowtext .5pt;padding:0cm 3.5pt 0cm 3.5pt'>       mso-ansi-language:EN-US'>N              border-bottom:solid windowtext .5pt;border-right:solid windowtext .5pt;   mso-border-top-alt:solid windowtext .5pt;mso-border-left-alt:solid windowtext .5pt;   padding:0cm 3.5pt 0cm 3.5pt'>      en               border-bottom:solid windowtext .5pt;border-right:solid windowtext .5pt;   mso-border-top-alt:solid windowtext .5pt;mso-border-left-alt:solid windowtext .5pt;   padding:0cm 3.5pt 0cm 3.5pt'>     O              border-bottom:solid windowtext .5pt;border-right:solid windowtext .5pt;   mso-border-top-alt:solid windowtext .5pt;mso-border-left-alt:solid windowtext .5pt;   padding:0cm 3.5pt 0cm 3.5pt'>      ou               border-bottom:solid windowtext .5pt;border-right:solid windowtext .5pt;   mso-border-top-alt:solid windowtext .5pt;mso-border-left-alt:solid windowtext .5pt;   padding:0cm 3.5pt 0cm 3.5pt'>       mso-ansi-language:EN-US'>P              border-bottom:solid windowtext .5pt;border-right:solid windowtext .5pt;   mso-border-top-alt:solid windowtext .5pt;mso-border-left-alt:solid windowtext .5pt;   padding:0cm 3.5pt 0cm 3.5pt'>        mso-ansi-language:EN-US'>pi               border-bottom:solid windowtext .5pt;border-right:solid windowtext .5pt;   mso-border-top-alt:solid windowtext .5pt;mso-border-left-alt:solid windowtext .5pt;   padding:0cm 3.5pt 0cm 3.5pt'>       mso-ansi-language:EN-US'>Q              border-bottom:solid windowtext .5pt;border-right:solid windowtext .5pt;   mso-border-top-alt:solid windowtext .5pt;mso-border-left-alt:solid windowtext .5pt;   padding:0cm 3.5pt 0cm 3.5pt'>      kiu               border-bottom:solid windowtext .5pt;border-right:solid windowtext .5pt;   mso-border-top-alt:solid windowtext .5pt;mso-border-left-alt:solid windowtext .5pt;   padding:0cm 3.5pt 0cm 3.5pt'>     R              border-bottom:solid windowtext .5pt;border-right:solid windowtext .5pt;   mso-border-top-alt:solid windowtext .5pt;mso-border-left-alt:solid windowtext .5pt;   padding:0cm 3.5pt 0cm 3.5pt'>      ar               none;border-bottom:solid windowtext .5pt;border-right:solid windowtext .5pt;   mso-border-top-alt:solid windowtext .5pt;mso-border-left-alt:solid windowtext .5pt;   padding:0cm 3.5pt 0cm 3.5pt'>       mso-ansi-language:EN-US'>S              none;border-bottom:solid windowtext .5pt;border-right:solid windowtext .5pt;   mso-border-top-alt:solid windowtext .5pt;mso-border-left-alt:solid windowtext .5pt;   padding:0cm 3.5pt 0cm 3.5pt'>        mso-ansi-language:EN-US'>es                     border-top:none;mso-border-top-alt:solid windowtext .5pt;padding:0cm 3.5pt 0cm 3.5pt'>       mso-ansi-language:EN-US'>T              border-bottom:solid windowtext .5pt;border-right:solid windowtext .5pt;   mso-border-top-alt:solid windowtext .5pt;mso-border-left-alt:solid windowtext .5pt;   padding:0cm 3.5pt 0cm 3.5pt'>        mso-ansi-language:EN-US'>ti               border-bottom:solid windowtext .5pt;border-right:solid windowtext .5pt;   mso-border-top-alt:solid windowtext .5pt;mso-border-left-alt:solid windowtext .5pt;   padding:0cm 3.5pt 0cm 3.5pt'>     U              border-bottom:solid windowtext .5pt;border-right:solid windowtext .5pt;   mso-border-top-alt:solid windowtext .5pt;mso-border-left-alt:solid windowtext .5pt;   padding:0cm 3.5pt 0cm 3.5pt'>      iu               border-bottom:solid windowtext .5pt;border-right:solid windowtext .5pt;   mso-border-top-alt:solid windowtext .5pt;mso-border-left-alt:solid windowtext .5pt;   padding:0cm 3.5pt 0cm 3.5pt'>     V              border-bottom:solid windowtext .5pt;border-right:solid windowtext .5pt;   mso-border-top-alt:solid windowtext .5pt;mso-border-left-alt:solid windowtext .5pt;   padding:0cm 3.5pt 0cm 3.5pt'>      fi               border-bottom:solid windowtext .5pt;border-right:solid windowtext .5pt;   mso-border-top-alt:solid windowtext .5pt;mso-border-left-alt:solid windowtext .5pt;   padding:0cm 3.5pt 0cm 3.5pt'>     W              border-bottom:solid windowtext .5pt;border-right:solid windowtext .5pt;   mso-border-top-alt:solid windowtext .5pt;mso-border-left-alt:solid windowtext .5pt;   padding:0cm 3.5pt 0cm 3.5pt'>      dobliu               border-bottom:solid windowtext .5pt;border-right:solid windowtext .5pt;   mso-border-top-alt:solid windowtext .5pt;mso-border-left-alt:solid windowtext .5pt;   padding:0cm 3.5pt 0cm 3.5pt'>     X              border-bottom:solid windowtext .5pt;border-right:solid windowtext .5pt;   mso-border-top-alt:solid windowtext .5pt;mso-border-left-alt:solid windowtext .5pt;   padding:0cm 3.5pt 0cm 3.5pt'>      ex               none;border-bottom:solid windowtext .5pt;border-right:solid windowtext .5pt;   mso-border-top-alt:solid windowtext .5pt;mso-border-left-alt:solid windowtext .5pt;   padding:0cm 3.5pt 0cm 3.5pt'>     Y              none;border-bottom:solid windowtext .5pt;border-right:solid windowtext .5pt;   mso-border-top-alt:solid windowtext .5pt;mso-border-left-alt:solid windowtext .5pt;   padding:0cm 3.5pt 0cm 3.5pt'>      uai                     border-top:none;mso-border-top-alt:solid windowtext .5pt;padding:0cm 3.5pt 0cm 3.5pt'>     Z              border-bottom:solid windowtext .5pt;border-right:solid windowtext .5pt;   mso-border-top-alt:solid windowtext .5pt;mso-border-left-alt:solid windowtext .5pt;   padding:0cm 3.5pt 0cm 3.5pt'>      zid               width=624 colspan=10> &nbsp;        
</post>

<date>12,July,2004</date>
<post>


       
      TO DO (hacer):  También sirve como Auxiliar para interrogar o negar a la mayoría de los verbos de acción y para responder en Short Answers. *** Excepciones :Verbo TO BE, Verbos modales (CAN/WILL/SHALL/OUGHT/MUST/HAVE TO/BE ABLE TO…), algunos casos del verbo TO HAVE británico.   TO BE (ser/estar):  También sirve para generar tiempos verbales continuos. Nunca se junta con TO DO.   TO HAVE (tener/haber):  También sirve para generar tiempos verbales perfectos; como modismo imperativo significa consumir (Let`s have lunch – Almorcemos / Have a glass of water – Tómese un vaso de agua).  En inglés americano se auxilia con TO DO (I don’t have... – Do you have...?). En inglés británico no es necesario el auxiliar (I haven`t... – Have you...?).   
     

    
</post>


<date>12,July,2004</date>
<post>

	 
      No me interesa saber a que te dedicas, quiero saber qué es lo que añoras y si te atreves a soñar o alcanzar lo  que tu corazón ansía.  No me interesa saber que edad tienes, quiero saber si te arriesgarás a  parecer un loco por amor, por tus sueños, por la aventura de estar vivo.  No me interesa saber que planetas están cuadrando tu luna, quiero saber si has tocado el centro de tu propia pena,  si has estado abierto a las traiciones de la vida, o te has vuelto marchito y cerrado por miedo a más dolor.  Quiero saber si te puedes sentar con dolor, tuyo o mío, sin moverte para esconderlo, diluirlo o arreglarlo.  Quiero saber si puedes estar con alegría, tuya o mía, y si puedes danzar libremente y dejar que el éxtasis te llene  hasta las puntas de los dedos de tus manos y de los pies, sin advertirnos  de ser cuidadosos, ser realistas o recordar las limitaciones de ser  humano.  No me interesa si la historia que me estás contando es verdad, quiero saber  si puedes desilusionar a otros por ser sincero contigo mismo, si puedes  resistir la acusación de traición y no traicionar a tu propia alma.  Quiero saber si puedes ser fiel y por lo tanto confiable.  Quiero saber si puedes ver belleza hasta en los días feos, y si puedes  nutrir tu vida desde la presencia de Dios.  Quiero saber si puedes vivir con fallas, tuyas y mías, y todavía pararte en  la orilla del lago y gritar a la luna llena plateada... ¡Si!  No me interesa saber dónde vives, ni cuánto dinero tienes.  Quiero saber si te puedes parar después de una noche de pena y  desesperación, débil y moreteado hasta los huesos, y hacer lo que necesita  estar hecho para los niños.  No me interesa saber quien eres, ni porqué estás aquí.  Quiero saber si te puedes parar en el centro del fuego conmigo sin  encogerte.  No me interesa dónde, qué, o con quién has estudiado, quiero saber si te  sostienes desde adentro cuando todo se cae a tu alrededor.  Quiero saber si puedes estar solo contigo mismo y si verdaderamente  disfrutas la compañía que mantienes en tus momentos de soledad.  ~ Khalil Gibrán ~ (1883-1931)
     

    
</post>

<date>12,July,2004</date>
<post>

	 
       Contra el olvido.-   ¿Cuál era su nombre? ¿Vanessa, Melissa, Alessandra? ¿Rebeca, Patricia, Graciela? ¿Grecia, Macedonia, Siria?  Es increíble que me haya olvidado de su nombre, aunque eso no significa mucho, porque todavía recuerdo su cara, y todo el resto de la historia, lo que dice que no todo está perdido.  Su nombre me tiene dando vueltas por la cocina en un bloqueo total, como una mosca empecinada contra el cristal de una ventana.    Ella y Yo.-   Ella y yo fuimos dos planetas que cruzamos nuestras órbitas por un instante y sentimos cada uno la gravedad del otro. Así como la concavidad y convexidad de nuestros rumbos nos hicieron compartir una porción de espacio sideral, nos dispararon lejos. Nunca giramos exactamente unidos, mas bien cada uno tenía su propia órbita, con sentido, acimut, elongación, apogeo y perigeo. Cada uno respetando su órbita, cada uno en su propia dirección, desde el inicio hasta el final.    Conjunción.-   ¿Quién dijo que esta alineación de planetas era una ciencia exacta? Cada uno de nuestros universos se expandió y estamos fuera de alcance. Lo mismo pensé la segunda vez que me encontré con ella, después de haber sido desprendido de otra órbita.  
     

    
</post>

<date>12,July,2004</date>
<post>

	 
       "Dije '¿qué voy a hacer?', no '¿qué voy a ser?'. Hay una gran diferencia ente las palabras que salen por la boca y las que se escriben."  Francisco Massiani, Piedra de mar.  La pregunta que desenmascara al Pasado es "¿Por Qué?", Y la que nos revela el futuro será "¿Qué vas a hacer?". Es la interrogante más cruda en este momento. Quiere decir que ya el tiempo habló, que ya el otro jugador movió su pieza, que ya es tu turno y la pelota está en tu cancha. Tendrás que asumir el Ahora como una presencia tras de ti, indicándote que tienes que accionar. O reaccionar, si decides no pensarlo. Significa recoger los cristales rotos después de la colisión. Y firmar todo aquello que dice que reconoces que hubo un choque, y que el conductor A estuvo aquí y el conductor B estuvo allá, y que tu "allá" y mi "aquí" fueron el mismo lugar por un instante. Y así sigue. Qué vas a hacer con esta realidad que te acaba de caer encima. Qué argumentos nuevos tendrías que fabricar para explicar tus reacciones. Oh Circunstancias, Circunstancias, ardan en el fuego de la expiación junto al chivo y al mensajero. Y luego vendrá el porqué.
     

    
</post>

<date>12,July,2004</date>
<post>

	 
      La vida es un tejido. Si lo hacés de un solo color, tendrás que hacerlo bien complejo, con nudos y nudos encima de nudos y nudos. Si lo hacés de varios colores, podés hacerlo mucho más colorido, y resultará mucho más simple: menos nudos. Interprétalo como desees: más amigos, más conocimientos, más ideas, más corrientes de pensamiento.
     

    
</post>


</Blog>