<Blog>

<date>27,June,2004</date>
<post>


       
      bloggidy blogg blog
     

    
</post>

<date>12,July,2004</date>
<post>


       
      7680.blogspot.com
     

    
</post>


<date>28,June,2004</date>
<post>


       
        urlLink   &nbsp; urlLink      
     

    
</post>

<date>28,June,2004</date>
<post>


       
      Looks like we'll be around for a bit longer.  We hoped we could have 'er cleaned up in two weeks... but we'll take 6 and hope that'll be enough.  The carpet has to go, as does the bathroom.  She lost some of 'er efficiency and beauty during a redo that we think by the sculpted shag was sometime in the 70s.  We don't mind redoing the original birch.  The aluminum frame and aluminum riveted wrapping around the entire body will be new to work with but I think we can figure it out.  So we plan to head to Phoenix in September now.  Maybe the heat will have risen out of the valley by then.  And we'll search for a lot with a tree and a well.  We're converting everything to electric so eventually we can use solar panels.  Might as well do it up right.
     

    
</post>

<date>28,June,2004</date>
<post>


       
      Jena and I did something completely radical today.  After great consideration and time invested in researching ideas (one day to decide, 6 hours to research), we decided to start our first project and in turn our first residence.  We bought a Mansion. Portable. 43 Feet of Aluminum.
     

    
</post>

<date>03,July,2004</date>
<post>


       
      The past few nights we have stayed up extremely late perusing the internet for ideas of what the Spartan might have originally looked like.  When these were new to the market, you had a few choices that one could make in purchasing your new trailercoach.  The main difference we have seen during the research is the window number and location.  We have yet to find an Imperial Mansion that has the same arrangement as ours.    When I was growing up and still to this day, my parents would go to auctions and buy things - many things: Big, small, vintage and even new (usually in mass quantities such as boxes full or trailers full).  The items that were antique or vintage were always kept in the condition that they were found.  There was an idea about preserving the old.  Before I started architecture school I had come to the conclusion that this is how everything in the would should be treated.  Buildings should be left in their original condition or preserved.  If something were in need to be replaced then it should be replaced with something that copies the original.  As my instruction in architecture increased, I quickly found out that there would be cases in design where what would have been preserved could compromise the design or keep it from being fully realized.  With the case of the Spartan we now find ourselves in a situation where we are posed with a set of rules.  Some are original and some have been constructed according to a renovation that happened, as mentioned before, sometime in the mid 70’s.  Neither one of us are in the mindset of attempting to restore the trailercoach to its pristine condition of 1955, but we are also not so blind as to try to understand and learn from what had existed before.   
     

    
</post>


</Blog>