<Blog>


<date>23,July,2004</date>
<post>

    
       
      xkNnNx xkNnNx xkNnNx xkNnNx xkNnNx xkNnNx xkNnNx xkNnNx&nbsp;xkNnNx xkNnNx xkNnNx xkNnNx xkNnNx xkNnNx xkNnNx xkNnNx xkNnNx xkNnNx xkNnNx xkNnNx xkNnNx xkNnNx xkNnNx xKnNnx xkNnNx xkNnNx xkNnNx xkNnNx xkNnNx xkNnNx  xkNnNx xkNnNx xkNnNx xkNnNx xkNnNx xkNnNx xkNnNx xkNnNx xkNnNx xkNnNx xkNnNx xkNnNx xkNnNx xkNnNx xkNnNx xkNnNx xkNnNx xkNnNx xkNnNx xkNnNx xkNnNx xkNnNx xkNnNx xkNnNx xkNnNx xkNnNx xkNnNx xkNnNx xkNnNx xkNnNx xkNnNx xkNnNx xkNnNx xkNnNx xkNnNx xkNnNx xkNnNx xkNnNx xkNnNx xkNnNx xkNnNx xkNnNx xkNnNx xkNnNx xkNnNx xkNnNx xkNnNx&nbsp; xkNnNx xkNnNx xkNnNx xkNnNx xkNnNx xkNnNx xkNnNx xkNnNx xkNnNx xkNnNx xkNnNx xkNnNx xkNnNx xkNnNx xkNnNx xkNnNx xkNnNx xkNnNx xkNnNx xkNnNx xkNnNx xkNnNx xkNnNx  * Tears *  
      
</post>

<date>22,July,2004</date>
<post>

    
       
      Juz cry.. Miss th3m too much... Too much too much.. So long n3v3r h3ard of th3m l3 th3n dunno y sudd3nly xiang th3m th3n bu zhi bu ju3 cry l3.. Cry until my 3y3s veri pain.. Today n3v3r go to skool.. Burn Ou De Yang d3 cd l3... hahaz.. His cd rawkz men.. His voice veri sweet.. k3k3x.. I r3alli miss th3m alot.. Th3y are pr3hap i love e most d3 tink in tis world.. D3y left m3..&nbsp;Without t3lling m3.. Juz now had a fight wif my ji3.. She is so unr3asonable.. I alr3ady so sadz l3 then still dun allow m3 watch tv.. I dun like her.. I juz want a to live wif my papa , xkNnNx and me only.. No more l3.. E two of th3m is i love e most in tis world.. But impossibl3.. xkNnNx&nbsp;li kai wo l3.. D3Y will n3v3r r3turn3d.. N3v3r.. N3v3r.. &nbsp;Maybe i will included my mon also.. Dunno.. My dad and mom also quarrel.. I can only chos3 1.. Mummy still got jie jie d3y all.. Papa only got m3 and mayb3 1 of my jie.. See lorz.. See she want who.. Me onli got xkNnNx.. But now no mor3 l3.. Yesterday nite, my parent like quarrel.. I dun no is i dr3am 1 or wat.. So noisy..  
      
</post>

<date>22,July,2004</date>
<post>

    
       
      Kinda happy nowadays.. Dunno y also.. Hmm.. Jay gonna release new album again le.. Hahaz.. Wonder nice mahz... Tml dun wish ta go to skool.. Kinda sianz.. Dunno i shld go anot lei.. Coz like also kinda fun also.. I dun go then cannot see someone le.. Maybe he wearing e costume lehz.. Dunno wat to do lorz.. Today kinda happy also.. Recess go to library drink water.. Saw my didi.. He cum tok to me and gladys.. Then he wif his stead.. (-.-'').. He stead kinda cute also larz.. But abit AP.. Shh.. Later he no i like tat say he find peepz cum beat me.. Hahaz.. I kind of scare his stead also lorz.. She look kinda firece wen she saw me.. Dunno y also.. See me bu shang ba..? lolz.. Then we tok tok awhile..&nbsp;Then i ask him y never wif his gang.. He ask break liaoz.. Feel ke lian fer him.. Now no frene.. Then after skool, saw him again.. Wtf ritezZ..? Saw him wif his stead again lorz.. Can't stand them.. So close to each other.. Kinda jealous.. lolz.. jkjk... Then today s.y lent me Ocean de cd.. His song kinda nice lorz.. His voice so mi ren also.. lolz..? Take and burn.. lolz... Haven't buy Yida de cd.. Haiz.. No $_$.. Then jay de cd gonna release le also.. 3th August 2004.. Dunno shld buy which buy which 1 first.. Yida or jay..? &nbsp;Tml s.l , s.y they all goin bugis.. Wanna go also but i tml not goin to skool so not goin wif them.. Hmm.. Today skool kinda&nbsp; fun.. Coz sometink happen!! Sometink tat brightem up my life.. lolz.. Kua zhang...&nbsp;2 times a day can made me haf heart-attack 1.. Hahaz..   *♥♡ ♥♡* Wo xiang da shen xuan bu dui ni yi yi bu she... &nbsp; 
      
</post>

<date>20,July,2004</date>
<post>

    
       
      Haiz.. Now gb savin gold coz wanna buy 1 avatar fer a frene.. He kfc onli.. Kinda ke lian so buy fer him lorz.. But dunno wat he want or like coz i add him as frene he haven't accept me.. Haiz.. Maybe he dun wanna add me ba.. Dunno.. My hp spoil le!! No more hp fer me le.. Now saving $_$ to buy a second hand hp.. Prefer to buy 1 got cam 1.. Hahaz.. But veri x lehz unless i buy those cam not gud 1 then cheap le.. Hahaz.. Haiz.. Kinda sianz sia.. NOthing to do so come here write.. Actually got alot of tink wanna write 1 but dun tink so i shld write.. Haiz.. Got alot of xin shi inside my heart but i can't tell anyone.. Feel like there no one to trust lorz.. My jie betray me before.. My frene also..? Even my mother..? I dun realli start to trust peepz le.. Given up hope on them liaoz.. Hahaz.. So all keep in my heart.. Then sometime will suddenly cry.. Weird ritezZ..? Hahaz.. I acted like i dun care infront of peepz everytime but actually i care alot alot.. Haiz.. Hao dou xin shi but bu dare to tell peepz.. Maybe if got anyone cum ask me wat happen, I might tell them.. I no she haven't break up wif him but she say she break liaoz.. I no y she lied to me also.. All my tootip fault.. I m so hum ji.. Do tinks wrong also dun dare to say sorry.. Hum ji kia.. lolz.. Later then contine write.. My tootip jie wanna use e tootip com.. hahaz.. 
      
</post>


</Blog>